BOCH,Finance,Major Banks
VTHR,n/a,n/a
SGMO,Health Care,Biotechnology: Biological Products (No Diagnostic Substances)
ERII,Technology,Industrial Machinery/Components
JBHT,Transportation,Trucking Freight/Courier Services
ERIE,Finance,Specialty Insurers
ERIC,Technology,Radio And Television Broadcasting And Communications Equipment
NRCIB,Health Care,Biotechnology: Commercial Physical & Biological Resarch
PFPT,Technology,EDP Services
KOSS,Consumer Non-Durables,Consumer Electronics/Appliances
SCLN,Health Care,Major Pharmaceuticals
PHMD,Health Care,Biotechnology: Electromedical & Electrotherapeutic Apparatus
PTNR,Public Utilities,Telecommunications Equipment
ALNY,Health Care,Major Pharmaceuticals
VRTS,Finance,Investment Managers
VRTU,Technology,EDP Services
ITUS,Miscellaneous,Multi-Sector Companies
ENDP,Health Care,Major Pharmaceuticals
GT,Consumer Durables,Automotive Aftermarket
CBLI,Health Care,Biotechnology: Commercial Physical & Biological Resarch
MNKD,Health Care,Major Pharmaceuticals
OSBCP,Finance,Major Banks
RDWR,Miscellaneous,Business Services
MEIP,Health Care,Major Pharmaceuticals
JNP,Health Care,Major Pharmaceuticals
MAT,Consumer Non-Durables,Recreational Products/Toys
AXAS,Energy,Oil & Gas Production
EBMT,Finance,Major Banks
SNI,Consumer Services,Television Services
XRAY,Health Care,Medical/Dental Instruments
AMCN,Technology,Advertising
ACLS,Technology,Industrial Machinery/Components
JBSS,Consumer Non-Durables,Specialty Foods
EVK,Consumer Non-Durables,Apparel
CRTN,Consumer Services,Professional Services
GTIM,Consumer Services,Restaurants
TOPS,Transportation,Marine Transportation
BSRR,Finance,Major Banks
DSWL,Consumer Non-Durables,Plastic Products
ICUI,Health Care,Medical/Dental Instruments
IDCC,Miscellaneous,Multi-Sector Companies
GHDX,Health Care,Medical Specialities
TTS,Consumer Services,Home Furnishings
MBOT,Health Care,Biotechnology: Biological Products (No Diagnostic Substances)
PFIE,Energy,Metal Fabrications
RADA,Consumer Non-Durables,Electronic Components
WSBF,Finance,Savings Institutions
WSBC,Finance,Major Banks
USLV,Finance,Investment Bankers/Brokers/Service
PFIN,Technology,Industrial Machinery/Components
USLM,Basic Industries,Mining & Quarrying of Nonmetallic Minerals (No Fuels)
CEVA,Technology,Semiconductors
BBOX,Technology,Computer Communications Equipment
PFIS,Finance,Major Banks
CPRX,Health Care,Major Pharmaceuticals
CPRT,Consumer Durables,Automotive Aftermarket
NAKD,Consumer Non-Durables,Apparel
SLRC,n/a,n/a
WPCS,Consumer Services,Telecommunications Equipment
FTCS,n/a,n/a
LPSN,Technology,Computer Software: Prepackaged Software
AVHI,Capital Goods,Homebuilding
APDN,Consumer Services,Other Consumer Services
CSX,Transportation,Railroads
WVVI,Consumer Non-Durables,Beverages (Production/Distribution)
SYPR,Capital Goods,Industrial Machinery/Components
WEBK,Finance,Banks
SPPI,Health Care,Major Pharmaceuticals
SPU,Consumer Non-Durables,Packaged Foods
STPP,Finance,Commercial Banks
CTG,Technology,EDP Services
LBAI,Finance,Major Banks
CCBG,Finance,Major Banks
RAVE,Consumer Non-Durables,Food Distributors
FJP,n/a,n/a
LJPC,Health Care,Biotechnology: Biological Products (No Diagnostic Substances)
VRTX,Health Care,Major Pharmaceuticals
WHF,n/a,n/a
SYMX,Basic Industries,Major Chemicals
VSEC,Consumer Services,Military/Government/Technical
ARTW,Capital Goods,Industrial Machinery/Components
KTOS,Capital Goods,Military/Government/Technical
ARTX,Miscellaneous,Industrial Machinery/Components
NAVG,Finance,Property-Casualty Insurers
PLW,n/a,n/a
TAST,Consumer Services,Restaurants
GOODP,Consumer Services,Real Estate
ATEC,Health Care,Medical/Dental Instruments
OFED,Finance,Savings Institutions
GOODO,Consumer Services,Real Estate
NTAP,Technology,Electronic Components
ZBRA,Technology,Industrial Machinery/Components
EVEP,Energy,Oil & Gas Production
ABAC,Consumer Non-Durables,Farming/Seeds/Milling
PSEC,n/a,n/a
VXUS,n/a,n/a
FARM,Consumer Non-Durables,Packaged Foods
FARO,Capital Goods,Industrial Machinery/Components
TQQQ,n/a,n/a
SIFI,Finance,Savings Institutions
FCBC,Finance,Major Banks
GBLI,Finance,Property-Casualty Insurers
COHR,Capital Goods,Biotechnology: Laboratory Analytical Instruments
ABAX,Capital Goods,Industrial Machinery/Components
COHU,Capital Goods,Electrical Products
PLBC,Finance,Finance Companies
ONB,Finance,Major Banks
IRIX,Health Care,Biotechnology: Electromedical & Electrotherapeutic Apparatus
PGNX,Health Care,Major Pharmaceuticals
PTSI,Transportation,Trucking Freight/Courier Services
LTXB,Finance,Savings Institutions
MNDO,Technology,EDP Services
IIN,Capital Goods,Electrical Products
III,Consumer Services,Professional Services
CFBK,Finance,Savings Institutions
CNTF,n/a,n/a
FORM,Technology,Semiconductors
NTWK,Technology,Computer Software: Prepackaged Software
KEYW,Technology,EDP Services
FORD,Consumer Non-Durables,Plastic Products
NVGN,Health Care,Major Pharmaceuticals
HEAR,Consumer Durables,Telecommunications Equipment
ANTH,Health Care,Major Pharmaceuticals
FRGI,Consumer Services,Restaurants
FORR,Consumer Services,Diversified Commercial Services
CNTY,Consumer Services,Hotels/Resorts
OLBK,Finance,Major Banks
SNH,Consumer Services,Real Estate Investment Trusts
CALI,Consumer Services,Motor Vehicles
MRLN,Finance,Major Banks
CALL,Public Utilities,Telecommunications Equipment
CALM,Consumer Non-Durables,Farming/Seeds/Milling
SYBT,Finance,Major Banks
RUTH,Consumer Services,Restaurants
CALD,Technology,EDP Services
FIZZ,Consumer Non-Durables,Beverages (Production/Distribution)
ESCA,Consumer Non-Durables,Recreational Products/Toys
UTEK,Technology,Industrial Machinery/Components
CBOE,Finance,Investment Bankers/Brokers/Service
WHLM,Consumer Services,Professional Services
MSBF,Finance,Savings Institutions
GIII,Consumer Non-Durables,Apparel
ELOS,Health Care,Biotechnology: Electromedical & Electrotherapeutic Apparatus
ESXB,Finance,Major Banks
ASTC,Capital Goods,Military/Government/Technical
ASTE,Capital Goods,Construction/Ag Equipment/Trucks
RELL,Consumer Non-Durables,Electronic Components
DZSI,Public Utilities,Telecommunications Equipment
ZIV,Finance,Investment Bankers/Brokers/Service
CHFN,Finance,Savings Institutions
CHFC,Finance,Major Banks
CHI,n/a,n/a
ESND,Consumer Services,Paper
ASBB,Finance,Savings Institutions
MAR,Consumer Services,Hotels/Resorts
DAKT,Consumer Durables,Miscellaneous manufacturing industries
CHW,n/a,n/a
CHY,n/a,n/a
FELE,Consumer Durables,Metal Fabrications
NNBR,Capital Goods,Metal Fabrications
AMRN,Health Care,Major Pharmaceuticals
SNAK,Consumer Non-Durables,Packaged Foods
BWINA,Finance,Property-Casualty Insurers
AMRI,Health Care,Biotechnology: Commercial Physical & Biological Resarch
PESI,Basic Industries,Environmental Services
AMCX,Consumer Services,Television Services
BRKL,Finance,Savings Institutions
AMRB,Finance,Major Banks
BRKS,Technology,Industrial Machinery/Components
BRKR,Capital Goods,Biotechnology: Laboratory Analytical Instruments
SUPN,Health Care,Major Pharmaceuticals
ORBC,Consumer Services,Telecommunications Equipment
MTRX,Basic Industries,Engineering & Construction
AMRS,Basic Industries,Major Chemicals
DXPE,Capital Goods,Industrial Machinery/Components
CHSCP,Consumer Services,Farming/Seeds/Milling
WSCI,Technology,Industrial Machinery/Components
PRPH,Health Care,Major Pharmaceuticals
PKBK,Finance,Major Banks
EWBC,Finance,Major Banks
GASS,Transportation,Marine Transportation
SNCR,Technology,EDP Services
MNRO,Consumer Services,Automotive Aftermarket
AVGO,Technology,Semiconductors
PNFP,Finance,Major Banks
WMAR,Consumer Durables,Automotive Aftermarket
UCTT,Technology,Semiconductors
EMKR,Technology,Semiconductors
OBAS,Finance,Real Estate
LPLA,Finance,Investment Bankers/Brokers/Service
TCFC,Finance,Major Banks
HSKA,Health Care,Biotechnology: Biological Products (No Diagnostic Substances)
TVIA,Basic Industries,Major Chemicals
PAYX,Consumer Services,Diversified Commercial Services
CSOD,Technology,Computer Software: Prepackaged Software
SLCT,Finance,Major Banks
SEV,Energy,Industrial Machinery/Components
BOBE,Consumer Services,Restaurants
ORLY,Consumer Services,Other Specialty Stores
CRESY,Finance,Real Estate
AXDX,Capital Goods,Biotechnology: Laboratory Analytical Instruments
PROV,Finance,Savings Institutions
CBAN,Finance,Major Banks
CBAK,Miscellaneous,Industrial Machinery/Components
SSH,Health Care,Biotechnology: Electromedical & Electrotherapeutic Apparatus
LARK,Finance,Major Banks
CREE,Technology,Semiconductors
CREG,Miscellaneous,Business Services
MFNC,Finance,Major Banks
DYNT,Health Care,Biotechnology: Electromedical & Electrotherapeutic Apparatus
VGSH,n/a,n/a
PUI,n/a,n/a
NVEC,Technology,Semiconductors
PGTI,Capital Goods,Building Products
SYNL,Basic Industries,Steel/Iron Ore
CNET,Technology,"Computer Software: Programming, Data Processing"
TTEC,Technology,Professional Services
LANC,Consumer Non-Durables,Packaged Foods
ONCS,Health Care,Major Pharmaceuticals
IPHS,Consumer Durables,Specialty Chemicals
ALQA,Health Care,Medical/Dental Instruments
EXPO,Consumer Services,Professional Services
LGND,Health Care,Major Pharmaceuticals
EMCB,n/a,n/a
EXPE,Consumer Services,Transportation Services
DGII,Technology,Computer Communications Equipment
IONS,Health Care,Major Pharmaceuticals
ETFC,Finance,Savings Institutions
CRWS,Basic Industries,Textiles
BBH,n/a,n/a
GSVC,n/a,n/a
TRIB,Health Care,Biotechnology: In Vitro & In Vivo Diagnostic Substances
CTWS,Public Utilities,Water Supply
SHIP,Transportation,Marine Transportation
BSQR,Miscellaneous,Business Services
TRIP,Technology,"Computer Software: Programming, Data Processing"
FMAO,n/a,n/a
SPAN,Health Care,Industrial Specialties
IKNX,Miscellaneous,Industrial Machinery/Components
RMGN,Miscellaneous,Business Services
SOCL,n/a,n/a
DNKN,Consumer Services,Restaurants
ADXS,Health Care,Major Pharmaceuticals
GFED,Finance,Major Banks
SPAR,Capital Goods,Auto Manufacturing
LPTH,Technology,Semiconductors
ALCO,Consumer Non-Durables,Farming/Seeds/Milling
VGIT,n/a,n/a
WYNN,Consumer Services,Hotels/Resorts
STMP,Miscellaneous,Business Services
IZEA,Consumer Services,Advertising
NBIX,Health Care,Biotechnology: Biological Products (No Diagnostic Substances)
KRNY,Finance,Savings Institutions
NKSH,Finance,Major Banks
FYC,n/a,n/a
MMYT,Consumer Services,Transportation Services
BIIB,Health Care,Biotechnology: Biological Products (No Diagnostic Substances)
CAMP,Technology,Radio And Television Broadcasting And Communications Equipment
PHIIK,Transportation,Transportation Services
HOTRW,Consumer Services,Restaurants
FYT,n/a,n/a
FYX,n/a,n/a
OSTK,Consumer Services,Catalog/Specialty Distribution
FKO,n/a,n/a
SMED,Basic Industries,Environmental Services
TSEM,Technology,Semiconductors
SPWR,Technology,Semiconductors
FWRD,Transportation,Oil Refining/Marketing
EHTH,Finance,Specialty Insurers
FKU,n/a,n/a
CCCL,Capital Goods,Building Materials
KIRK,Consumer Services,Other Specialty Stores
MRVL,Technology,Semiconductors
AIRT,Transportation,Air Freight/Delivery Services
MOCO,Capital Goods,Industrial Machinery/Components
NICE,Technology,Computer Manufacturing
ENTG,Consumer Non-Durables,Plastic Products
DTRM,Technology,Computer Software: Prepackaged Software
HIFS,n/a,n/a
AAPL,Technology,Computer Manufacturing
SRCL,Basic Industries,Environmental Services
CHEF,Consumer Non-Durables,Food Distributors
FCNCA,Finance,Major Banks
WHLR,Consumer Services,Real Estate Investment Trusts
THRM,Capital Goods,Auto Parts:O.E.M.
PERF,Consumer Services,Other Specialty Stores
AMSF,Finance,Property-Casualty Insurers
PERI,Technology,EDP Services
LKFN,Finance,Major Banks
CDNS,Technology,Computer Software: Prepackaged Software
FSNN,Technology,Computer Software: Prepackaged Software
CFNB,Finance,Major Banks
LIVE,Technology,EDP Services
PERY,Consumer Non-Durables,Apparel
GBCI,Finance,Major Banks
WEB,Technology,Computer Software: Prepackaged Software
FCAP,Finance,Savings Institutions
DRRX,Health Care,Major Pharmaceuticals
CXSE,n/a,n/a
SIGI,Finance,Property-Casualty Insurers
SIGM,Technology,Semiconductors
WEN,Consumer Services,Restaurants
PXLW,Technology,Semiconductors
PSDV,Capital Goods,Biotechnology: Laboratory Analytical Instruments
CSPI,Technology,EDP Services
VMBS,n/a,n/a
FCAN,n/a,n/a
UBSI,Finance,Major Banks
ANAT,Finance,Life Insurance
PLCE,Consumer Services,Clothing/Shoe/Accessory Stores
UMBF,Finance,Major Banks
SSNT,Miscellaneous,Business Services
AMAG,Health Care,Major Pharmaceuticals
AEY,Consumer Services,Office Equipment/Supplies/Services
ZN,Energy,Oil & Gas Production
AMAT,Technology,Semiconductors
LMIA,Capital Goods,Military/Government/Technical
SWKS,Technology,Semiconductors
GPOR,Energy,Oil & Gas Production
WAFDW,Finance,Major Banks
CRDS,Technology,Computer peripheral equipment
OPOF,Finance,Major Banks
OPXA,Health Care,Major Pharmaceuticals
VTNR,Energy,Integrated oil Companies
TSBK,Finance,Banks
TILE,Consumer Durables,Home Furnishings
MEET,Consumer Services,Advertising
CTXS,Technology,Computer Software: Prepackaged Software
MGIC,Technology,Computer Software: Prepackaged Software
FFBC,Finance,Major Banks
AGNC,Consumer Services,Real Estate Investment Trusts
ZG,Miscellaneous,Business Services
NFEC,Capital Goods,Metal Fabrications
UMPQ,Finance,Savings Institutions
NSEC,Finance,Life Insurance
MSCC,Technology,Semiconductors
HALL,Finance,Property-Casualty Insurers
HALO,Health Care,Biotechnology: Biological Products (No Diagnostic Substances)
PSL,n/a,n/a
IMKTA,Consumer Services,Food Chains
ACNB,Finance,Major Banks
KFRC,Technology,Professional Services
INWK,Consumer Durables,Containers/Packaging
ASUR,Technology,EDP Services
RCON,Energy,Oilfield Services/Equipment
OGXI,Health Care,Biotechnology: In Vitro & In Vivo Diagnostic Substances
GABC,Finance,Major Banks
VBFC,Finance,Major Banks
HRTX,Health Care,Major Pharmaceuticals
BSPM,Health Care,Major Pharmaceuticals
HNH,Capital Goods,Industrial Specialties
BABY,Health Care,Biotechnology: Electromedical & Electrotherapeutic Apparatus
ZIONW,Finance,Major Banks
FDEF,Finance,Savings Institutions
CRVL,Finance,Specialty Insurers
RVSB,Finance,Savings Institutions
TTWO,Technology,Computer Software: Prepackaged Software
TORM,Basic Industries,Major Chemicals
DLTR,Consumer Services,Department/Specialty Retail Stores
LLEX,Energy,Oil & Gas Production
VRA,Consumer Non-Durables,Apparel
RUSHA,Consumer Durables,Automotive Aftermarket
AAL,Transportation,Air Freight/Delivery Services
WERN,Transportation,Trucking Freight/Courier Services
ZGNX,Health Care,Major Pharmaceuticals
GALT,Health Care,Major Pharmaceuticals
ASRVP,Finance,Major Banks
CA,Technology,Computer Software: Prepackaged Software
CG,Finance,Investment Managers
VUZI,Technology,Radio And Television Broadcasting And Communications Equipment
GALE,Health Care,Major Pharmaceuticals
CY,Technology,Semiconductors
SORL,Capital Goods,Auto Parts:O.E.M.
QQQC,n/a,n/a
SSRI,Basic Industries,Precious Metals
HUBG,Transportation,Oil Refining/Marketing
RLJE,Consumer Services,Movies/Entertainment
UEIC,Consumer Non-Durables,Consumer Electronics/Appliances
ISHG,n/a,n/a
QQQX,n/a,n/a
FTAG,n/a,n/a
IFON,Consumer Non-Durables,Electronic Components
FHK,n/a,n/a
CVV,Technology,Industrial Machinery/Components
ZNGA,Technology,EDP Services
OCRX,Health Care,Major Pharmaceuticals
ADUS,Health Care,Medical/Nursing Services
GUID,Technology,Computer Software: Prepackaged Software
TUES,Consumer Services,Department/Specialty Retail Stores
SBGI,Consumer Services,Broadcasting
MRCY,Capital Goods,Electrical Products
RGSE,Basic Industries,Engineering & Construction
KONA,Consumer Services,Restaurants
TACT,Technology,Computer peripheral equipment
KONE,Technology,EDP Services
HPT,Consumer Services,Real Estate Investment Trusts
HPJ,Miscellaneous,Industrial Machinery/Components
OHRP,Health Care,Major Pharmaceuticals
QTEC,n/a,n/a
NTGR,Public Utilities,Telecommunications Equipment
RVEN,Consumer Services,Real Estate Investment Trusts
RBPAA,Finance,Major Banks
ARDM,Health Care,Biotechnology: Electromedical & Electrotherapeutic Apparatus
LAMR,Consumer Services,Real Estate Investment Trusts
LMNR,Consumer Non-Durables,Farming/Seeds/Milling
WDC,Technology,Electronic Components
GRBK,Capital Goods,Homebuilding
GLNG,Consumer Services,Marine Transportation
LFUS,Consumer Durables,Electrical Products
GPRE,Basic Industries,Major Chemicals
SGOC,Technology,Radio And Television Broadcasting And Communications Equipment
CONN,Consumer Services,Consumer Electronics/Video Chains
TCBI,Finance,Major Banks
IROQ,Finance,Savings Institutions
GBNK,Finance,Major Banks
ALLT,Technology,Computer Communications Equipment
DGICA,Finance,Property-Casualty Insurers
DGICB,Finance,Property-Casualty Insurers
EEMA,n/a,n/a
BBBY,Consumer Services,Home Furnishings
NVAX,Health Care,Biotechnology: Biological Products (No Diagnostic Substances)
ALBO,Health Care,Major Pharmaceuticals
HCOM,Consumer Services,Telecommunications Equipment
CLFD,Public Utilities,Telecommunications Equipment
PBYI,Health Care,Major Pharmaceuticals
STLD,Basic Industries,Steel/Iron Ore
SANM,Technology,Electrical Products
PBMD,Health Care,Major Pharmaceuticals
LECO,Technology,Industrial Machinery/Components
TIPT,Finance,Property-Casualty Insurers
CCNE,Finance,Major Banks
RAVN,Capital Goods,Specialty Chemicals
STLY,Consumer Durables,Home Furnishings
HCSG,Health Care,Hospital/Nursing Management
EWZS,n/a,n/a
DWCH,Technology,Computer Software: Prepackaged Software
AAON,Capital Goods,Industrial Machinery/Components
HA,Transportation,Air Freight/Delivery Services
GTXI,Health Care,Major Pharmaceuticals
CTIC,Health Care,Major Pharmaceuticals
PTH,n/a,n/a
PTF,n/a,n/a
WNEB,Finance,Savings Institutions
INVT,Public Utilities,Telecommunications Equipment
PTC,Technology,Computer Software: Prepackaged Software
KLIC,Technology,Semiconductors
TGTX,Health Care,Major Pharmaceuticals
SCZ,n/a,n/a
INVE,Technology,Computer peripheral equipment
ACOR,Health Care,Biotechnology: Biological Products (No Diagnostic Substances)
INVA,Health Care,Major Pharmaceuticals
EGAN,Technology,Computer Software: Prepackaged Software
NEPT,Health Care,Major Pharmaceuticals
JAZZ,Health Care,Major Pharmaceuticals
IBCP,Finance,Major Banks
CAPR,Health Care,Major Pharmaceuticals
LVNTA,Consumer Services,Catalog/Specialty Distribution
LVNTB,Consumer Services,Catalog/Specialty Distribution
WINA,Consumer Services,Other Specialty Stores
YHOO,Technology,EDP Services
CHDN,Consumer Services,Services-Misc. Amusement & Recreation
MATW,Capital Goods,Metal Fabrications
MATR,Technology,EDP Services
VVUS,Health Care,Major Pharmaceuticals
PCMI,Consumer Services,Catalog/Specialty Distribution
SUNS,n/a,n/a
WOOD,n/a,n/a
BREW,Consumer Non-Durables,Beverages (Production/Distribution)
AXTI,Technology,Semiconductors
ACAD,Health Care,Major Pharmaceuticals
CGEN,Health Care,Biotechnology: Biological Products (No Diagnostic Substances)
ZEUS,Basic Industries,Metal Fabrications
UBNT,Technology,Radio And Television Broadcasting And Communications Equipment
PRMW,Consumer Non-Durables,Food Distributors
FDTS,n/a,n/a
JBLU,Transportation,Air Freight/Delivery Services
PFLT,n/a,n/a
HDSN,Consumer Durables,Industrial Specialties
ATTU,Technology,Computer Software: Prepackaged Software
AZPN,Technology,EDP Services
AVEO,Health Care,Major Pharmaceuticals
LPNT,Health Care,Hospital/Nursing Management
OBCI,Consumer Durables,Specialty Chemicals
GGAL,Finance,Commercial Banks
SQQQ,n/a,n/a
EMIF,n/a,n/a
ISIG,Consumer Services,Advertising
HBCP,Finance,Banks
NBN,Finance,Major Banks
CORE,Consumer Non-Durables,Food Distributors
ADP,Technology,EDP Services
XELB,Miscellaneous,Multi-Sector Companies
HWCC,Consumer Non-Durables,Telecommunications Equipment
CORT,Health Care,Major Pharmaceuticals
SLAB,Technology,Semiconductors
ADI,Technology,Semiconductors
REGN,Health Care,Major Pharmaceuticals
RIGL,Health Care,Major Pharmaceuticals
PTIE,Health Care,Major Pharmaceuticals
NSSC,Consumer Durables,Telecommunications Equipment
WAYN,Finance,Savings Institutions
DJCO,Consumer Services,Newspapers/Magazines
SSKN,Health Care,Medical/Dental Instruments
SCKT,Technology,Computer Manufacturing
KOOL,Capital Goods,Medical Specialities
GNMX,Health Care,Biotechnology: Biological Products (No Diagnostic Substances)
REGI,Basic Industries,Major Chemicals
TCRD,n/a,n/a
GNMA,n/a,n/a
DISH,Consumer Services,Television Services
GNMK,Health Care,Medical/Dental Instruments
EBSB,Finance,Major Banks
VICR,Capital Goods,Industrial Machinery/Components
WIRE,Capital Goods,Metal Fabrications
CTIB,Basic Industries,Specialty Chemicals
SOXX,n/a,n/a
ALSK,Public Utilities,Telecommunications Equipment
JTPY,Finance,Business Services
ARKR,Consumer Services,Restaurants
SHOR,Public Utilities,Telecommunications Equipment
SHOS,Consumer Services,Department/Specialty Retail Stores
CIDM,Consumer Services,Consumer Electronics/Video Chains
MLHR,Consumer Durables,Office Equipment/Supplies/Services
GOGL,Consumer Services,Marine Transportation
TROW,Finance,Investment Bankers/Brokers/Service
TROV,Health Care,Biotechnology: Biological Products (No Diagnostic Substances)
SHOO,Consumer Non-Durables,Shoe Manufacturing
FBMS,Finance,Major Banks
IPXL,Health Care,Major Pharmaceuticals
DSPG,Technology,Semiconductors
PFBC,n/a,n/a
KELYB,Technology,Professional Services
PFBI,Finance,Major Banks
KELYA,Technology,Professional Services
CECE,Capital Goods,Pollution Control Equipment
PFBX,Finance,Major Banks
CECO,Consumer Services,Other Consumer Services
NDSN,Capital Goods,Industrial Machinery/Components
ICLN,n/a,n/a
UBCP,Finance,Major Banks
EXLS,Miscellaneous,Business Services
IDXX,Health Care,Biotechnology: In Vitro & In Vivo Diagnostic Substances
AEHR,Capital Goods,Electrical Products
ICLR,Health Care,Biotechnology: Commercial Physical & Biological Resarch
ROIC,Consumer Services,Real Estate Investment Trusts
STKL,Consumer Services,Farming/Seeds/Milling
SRSC,Consumer Services,Department/Specialty Retail Stores
ARTNA,Public Utilities,Water Supply
CCOI,Consumer Services,Telecommunications Equipment
ADTN,Public Utilities,Telecommunications Equipment
PTX,Health Care,Major Pharmaceuticals
PBBI,Finance,Savings Institutions
ONEQ,n/a,n/a
CLWT,Consumer Durables,Diversified Electronic Products
FULT,Finance,Major Banks
PBHC,Finance,Major Banks
SBFG,Finance,Major Banks
PSTB,Finance,Major Banks
WILN,Miscellaneous,Multi-Sector Companies
QQQ,n/a,n/a
TNXP,Health Care,Major Pharmaceuticals
PSTI,Health Care,Biotechnology: Biological Products (No Diagnostic Substances)
ODFL,Transportation,Trucking Freight/Courier Services
WILC,Consumer Non-Durables,Food Distributors
ENZL,n/a,n/a
EGBN,Finance,Major Banks
DAIO,Capital Goods,Electrical Products
CME,Finance,Investment Bankers/Brokers/Service
CHKP,Technology,Computer Software: Prepackaged Software
PCH,Consumer Services,Real Estate Investment Trusts
PCO,Miscellaneous,Multi-Sector Companies
IOSP,Basic Industries,Major Chemicals
CHKE,Consumer Non-Durables,Apparel
VCEL,Health Care,Biotechnology: Biological Products (No Diagnostic Substances)
ESIO,Miscellaneous,Industrial Machinery/Components
SREV,Miscellaneous,Business Services
VONV,n/a,n/a
SGRP,Miscellaneous,Business Services
FEIM,Capital Goods,Electrical Products
FLWS,Consumer Services,Other Specialty Stores
SNBC,Finance,Commercial Banks
FNGN,Finance,Investment Managers
PCLN,Miscellaneous,Business Services
ORIT,Finance,Major Banks
CENTA,Consumer Durables,Consumer Specialties
FSLR,Technology,Semiconductors
MTEX,Consumer Durables,Specialty Chemicals
DIOD,Technology,Semiconductors
FLAT,Finance,Commercial Banks
GRMN,Capital Goods,Industrial Machinery/Components
SCMP,Health Care,Major Pharmaceuticals
MRIC,n/a,n/a
CUNB,Finance,Major Banks
PNQI,n/a,n/a
JAKK,Consumer Non-Durables,Recreational Products/Toys
SNHNI,Consumer Services,Real Estate Investment Trusts
PEBK,Finance,Major Banks
PEBO,Finance,Major Banks
CHUY,Consumer Services,Restaurants
SGLB,Consumer Durables,Miscellaneous manufacturing industries
ALOG,Capital Goods,Electrical Products
QNST,Miscellaneous,Business Services
MU,Technology,Semiconductors
INO,Health Care,Medical/Dental Instruments
NDAQ,Finance,Investment Bankers/Brokers/Service
ALOT,Technology,Computer peripheral equipment
SPLK,Technology,Computer Software: Prepackaged Software
HWBK,Finance,Major Banks
FSBC,Finance,Savings Institutions
EPAY,Technology,Computer Software: Prepackaged Software
LMOS,Public Utilities,Telecommunications Equipment
FSBK,Finance,Major Banks
AMGN,Health Care,Biotechnology: Biological Products (No Diagnostic Substances)
FSBW,Finance,Banks
DOX,Technology,EDP Services
COST,Consumer Services,Department/Specialty Retail Stores
HURN,Consumer Services,Professional Services
EBIX,Technology,EDP Services
HURC,Capital Goods,Industrial Machinery/Components
SRDX,Health Care,Medical/Dental Instruments
EDUC,Consumer Durables,Consumer Specialties
ORIG,Energy,Oil & Gas Production
CNMD,Health Care,Biotechnology: Electromedical & Electrotherapeutic Apparatus
MSON,Capital Goods,Medical Specialities
POWL,Consumer Durables,Electrical Products
SCHN,Consumer Durables,Industrial Specialties
BSF,Finance,Major Banks
GIFI,Capital Goods,Metal Fabrications
CTHR,Consumer Durables,Consumer Specialties
MNOV,Health Care,Major Pharmaceuticals
KNDI,Capital Goods,Auto Manufacturing
CBPO,Health Care,Biotechnology: Biological Products (No Diagnostic Substances)
MPB,Finance,Major Banks
RCMT,Technology,Professional Services
GNCMA,Public Utilities,Telecommunications Equipment
MGYR,Finance,Savings Institutions
QUIK,Technology,Semiconductors
CTSH,Technology,EDP Services
FFNW,Finance,Major Banks
FMBI,Finance,Major Banks
FMBH,Finance,Major Banks
OMNT,Miscellaneous,Business Services
IRBT,Consumer Durables,Consumer Electronics/Appliances
CAMT,Capital Goods,Electronic Components
BJRI,Consumer Services,Restaurants
SIFY,Technology,"Computer Software: Programming, Data Processing"
FBNK,Finance,Banks
CELG,Health Care,Major Pharmaceuticals
RXII,Health Care,Major Pharmaceuticals
NEOG,Health Care,Biotechnology: In Vitro & In Vivo Diagnostic Substances
STB,Transportation,Other Transportation
NEON,Capital Goods,Industrial Machinery/Components
WLFC,Consumer Durables,Industrial Specialties
FDUS,n/a,n/a
AGNCP,Consumer Services,Real Estate Investment Trusts
HYGS,Basic Industries,Major Chemicals
STX,Technology,Electronic Components
PFMT,Consumer Services,Other Consumer Services
EDGW,Technology,"Computer Software: Programming, Data Processing"
CERN,Technology,EDP Services
TCCO,Technology,Radio And Television Broadcasting And Communications Equipment
TRMB,Capital Goods,Industrial Machinery/Components
CERS,Health Care,Medical/Dental Instruments
AVDL,Health Care,Major Pharmaceuticals
IEUS,n/a,n/a
GENE,Health Care,Biotechnology: Biological Products (No Diagnostic Substances)
NAII,Consumer Durables,Specialty Chemicals
LLIT,Health Care,Medical/Dental Instruments
SPTN,Consumer Non-Durables,Food Distributors
PBIP,Finance,Banks
MICT,Capital Goods,Electrical Products
FNX,n/a,n/a
PDEX,Health Care,Medical/Dental Instruments
PBIB,Finance,Major Banks
CLVS,Health Care,Major Pharmaceuticals
DLHC,Technology,Professional Services
RP,Technology,Computer Software: Prepackaged Software
ADMP,Health Care,Major Pharmaceuticals
MLVF,Finance,Banks
GERN,Health Care,Major Pharmaceuticals
TDIV,n/a,n/a
MOFG,Finance,Major Banks
UNAM,Finance,Property-Casualty Insurers
ATAI,Consumer Services,Other Consumer Services
HBNC,Finance,Major Banks
HLIT,Technology,Radio And Television Broadcasting And Communications Equipment
ATAX,Finance,Finance: Consumer Services
MFSF,Finance,Major Banks
BASI,Health Care,Biotechnology: Commercial Physical & Biological Resarch
HNNA,Finance,Investment Managers
LGCY,Energy,Oil & Gas Production
NTES,Miscellaneous,Business Services
LAKE,Health Care,Industrial Specialties
IVAC,Technology,Industrial Machinery/Components
OFLX,Capital Goods,Industrial Specialties
WFM,Consumer Services,Food Chains
FCFS,Consumer Services,Other Specialty Stores
FCFP,Finance,Major Banks
HZNP,Health Care,Major Pharmaceuticals
BMRN,Health Care,Major Pharmaceuticals
ABEO,Health Care,Major Pharmaceuticals
BMRA,Health Care,Medical/Dental Instruments
BMRC,Finance,Major Banks
SGMA,Technology,Electrical Products
CELGZ,Health Care,Major Pharmaceuticals
RTK,Basic Industries,Agricultural Chemicals
SEIC,Finance,Investment Bankers/Brokers/Service
SGMS,Technology,EDP Services
HCCI,Basic Industries,Miscellaneous
TPIV,Health Care,Major Pharmaceuticals
DISCA,Consumer Services,Television Services
DISCB,Consumer Services,Television Services
EVOL,Technology,EDP Services
AEIS,Capital Goods,Industrial Machinery/Components
ENG,Consumer Services,Military/Government/Technical
DISCK,Consumer Services,Television Services
ENT,Consumer Services,Telecommunications Equipment
SHLD,Consumer Services,Department/Specialty Retail Stores
FBRC,Finance,Investment Bankers/Brokers/Service
CCLP,Energy,Oilfield Services/Equipment
OCFC,Finance,Savings Institutions
CZR,Consumer Services,Hotels/Resorts
LXRX,Health Care,Major Pharmaceuticals
NVCN,Health Care,Medical/Dental Instruments
SMRT,Consumer Services,Clothing/Shoe/Accessory Stores
CLDX,Health Care,Biotechnology: In Vitro & In Vivo Diagnostic Substances
AGII,Finance,Specialty Insurers
CVGI,Capital Goods,Auto Parts:O.E.M.
GRIF,Finance,Real Estate
UREE,n/a,n/a
PCOM,Miscellaneous,Business Services
MCBC,Finance,Major Banks
UBFO,Finance,Major Banks
PLXS,Technology,Electrical Products
ISM,Finance,Finance: Consumer Services
TNAV,Capital Goods,Industrial Machinery/Components
ELON,Technology,Computer Communications Equipment
CBSH,Finance,Major Banks
MERC,Basic Industries,Paper
CVGW,Consumer Non-Durables,Farming/Seeds/Milling
AAME,Finance,Life Insurance
PRN,n/a,n/a
ENOC,Technology,"Computer Software: Programming, Data Processing"
SASR,Finance,Major Banks
PODD,Health Care,Medical/Dental Instruments
JKI,n/a,n/a
TTEK,Consumer Services,Military/Government/Technical
TVIX,Finance,Investment Bankers/Brokers/Service
TVIZ,Finance,Investment Bankers/Brokers/Service
SOHO,Consumer Services,Real Estate Investment Trusts
DTUS,Finance,Commercial Banks
IMI,Technology,Semiconductors
CJJD,Consumer Durables,Specialty Chemicals
CARV,Finance,Savings Institutions
CART,Finance,Major Banks
PDP,n/a,n/a
FRP,Public Utilities,Telecommunications Equipment
HMST,Finance,Major Banks
CARB,Technology,EDP Services
HMSY,Miscellaneous,Business Services
MRVC,Technology,Semiconductors
DTUL,Finance,Commercial Banks
INFN,Public Utilities,Telecommunications Equipment
SNMX,Health Care,Biotechnology: Commercial Physical & Biological Resarch
INFI,Health Care,Major Pharmaceuticals
COBZ,Finance,Major Banks
ASFI,Finance,Finance Companies
LWAY,Consumer Non-Durables,Packaged Foods
LBTYA,Consumer Services,Television Services
LBTYB,Consumer Services,Television Services
PRTS,Consumer Services,Other Specialty Stores
SRNE,Health Care,Biotechnology: Commercial Physical & Biological Resarch
AUBN,Finance,Major Banks
MGLN,Health Care,Hospital/Nursing Management
LBTYK,Consumer Services,Television Services
PRKR,Technology,Radio And Television Broadcasting And Communications Equipment
EUFN,n/a,n/a
DXLG,Consumer Services,Clothing/Shoe/Accessory Stores
SAEX,Energy,Oil & Gas Production
CRIS,Health Care,Biotechnology: Biological Products (No Diagnostic Substances)
BOTJ,Finance,Major Banks
NANO,Capital Goods,Industrial Machinery/Components
HBAN,Finance,Major Banks
GEOS,Capital Goods,Industrial Machinery/Components
KBAL,Consumer Durables,Home Furnishings
TCBK,Finance,Major Banks
ATVI,Technology,Computer Software: Prepackaged Software
AOBC,Capital Goods,Ordnance And Accessories
MYGN,Health Care,Biotechnology: In Vitro & In Vivo Diagnostic Substances
BPFH,Finance,Major Banks
NCMI,Consumer Services,Advertising
INTG,Consumer Services,Building operators
LMNX,Health Care,Medical/Dental Instruments
INTC,Technology,Semiconductors
INTL,Finance,Investment Bankers/Brokers/Service
RGLS,Health Care,Major Pharmaceuticals
SUNW,Public Utilities,Telecommunications Equipment
INTU,Technology,Computer Software: Prepackaged Software
UCFC,Finance,Banks
BOFI,Finance,Savings Institutions
GOV,Finance,Real Estate
XCRA,Capital Goods,Electrical Products
INTX,Technology,EDP Services
RNST,Finance,Major Banks
HGSH,Finance,Real Estate
VICL,Health Care,Biotechnology: Biological Products (No Diagnostic Substances)
GIGM,Technology,"Computer Software: Programming, Data Processing"
PRTA,Health Care,Major Pharmaceuticals
LCNB,Finance,Major Banks
JIVE,Technology,EDP Services
GTLS,Capital Goods,Metal Fabrications
GIGA,Capital Goods,Electrical Products
ZAGG,Consumer Services,Other Specialty Stores
PRIM,Basic Industries,Water Supply
GCVRZ,Health Care,Major Pharmaceuticals
WSTG,Technology,Retail: Computer Software & Peripheral Equipment
ZUMZ,Consumer Services,Clothing/Shoe/Accessory Stores
CCMP,Technology,Semiconductors
ULBI,Miscellaneous,Industrial Machinery/Components
LTBR,Consumer Services,Professional Services
ARII,Capital Goods,Railroads
TSRI,Technology,EDP Services
OMAB,Transportation,Aerospace
TGLS,Consumer Durables,Electronic Components
BCBP,Finance,Savings Institutions
OHGI,Public Utilities,Telecommunications Equipment
ARIS,Technology,"Computer Software: Programming, Data Processing"
WSTL,Public Utilities,Telecommunications Equipment
BUSE,Finance,Major Banks
HSON,Technology,Professional Services
KBWD,n/a,n/a
IART,Capital Goods,Biotechnology: Laboratory Analytical Instruments
FORTY,Technology,EDP Services
XIV,Finance,Investment Bankers/Brokers/Service
RNET,Consumer Services,Telecommunications Equipment
TRMK,Finance,Major Banks
HAS,Consumer Non-Durables,Recreational Products/Toys
OVBC,Finance,Major Banks
TOWN,n/a,n/a
RBCAA,Finance,Major Banks
VIAB,Consumer Services,Television Services
SPEX,Miscellaneous,Multi-Sector Companies
LNDC,Basic Industries,Major Chemicals
CEMP,Health Care,Major Pharmaceuticals
CEMI,Health Care,Major Pharmaceuticals
IIJI,Technology,"Computer Software: Programming, Data Processing"
KALU,Capital Goods,Metal Fabrications
HQCL,Technology,Semiconductors
EML,Capital Goods,Industrial Machinery/Components
HELE,Consumer Durables,Home Furnishings
WTBA,Finance,Major Banks
CNSL,Public Utilities,Telecommunications Equipment
SMSI,Technology,Computer Software: Prepackaged Software
NVLN,Health Care,Major Pharmaceuticals
DCTH,Health Care,Medical/Dental Instruments
IIVI,Capital Goods,Electronic Components
IMNP,Health Care,Major Pharmaceuticals
OLED,Capital Goods,Electrical Products
CLCT,Miscellaneous,Business Services
FBSS,Finance,Major Banks
TMUS,Public Utilities,Telecommunications Equipment
CLUB,Consumer Services,Hotels/Resorts
FOX,Consumer Services,Television Services
HFWA,Finance,Banks
ECHO,Transportation,Oil Refining/Marketing
FUND,n/a,n/a
FUNC,Finance,Major Banks
TSRO,Health Care,Major Pharmaceuticals
PDFS,Technology,EDP Services
CPIX,Health Care,Major Pharmaceuticals
SYUT,Consumer Non-Durables,Packaged Foods
AINV,n/a,n/a
GULF,n/a,n/a
ULTI,Technology,Computer Software: Prepackaged Software
SAL,Finance,Savings Institutions
MKTX,Finance,Investment Bankers/Brokers/Service
QADB,Technology,Computer Software: Prepackaged Software
WWD,Energy,Industrial Machinery/Components
QADA,Technology,Computer Software: Prepackaged Software
TFSL,Finance,Savings Institutions
ILG,Finance,Real Estate
FSC,n/a,n/a
PEY,n/a,n/a
PEZ,n/a,n/a
FISI,Finance,Major Banks
RELV,Health Care,Major Pharmaceuticals
DAVE,Consumer Services,Restaurants
FISV,Technology,EDP Services
FSZ,n/a,n/a
UONE,Consumer Services,Broadcasting
CASC,Health Care,Biotechnology: Commercial Physical & Biological Resarch
CASM,Health Care,Medical/Dental Instruments
PZZA,Consumer Services,Restaurants
CASI,Health Care,Biotechnology: Biological Products (No Diagnostic Substances)
CASH,Finance,Savings Institutions
SNLN,n/a,n/a
CASS,Miscellaneous,Business Services
AMWD,Basic Industries,Forest Products
OREX,Health Care,Major Pharmaceuticals
SIVBO,Finance,Major Banks
CASY,Consumer Durables,Automotive Aftermarket
SHEN,Public Utilities,Telecommunications Equipment
UONEK,Consumer Services,Broadcasting
MTGE,Consumer Services,Real Estate Investment Trusts
CAAS,Capital Goods,Auto Parts:O.E.M.
GROW,Finance,Investment Managers
ALIM,Health Care,Major Pharmaceuticals
SGBK,n/a,n/a
FCEL,Miscellaneous,Industrial Machinery/Components
NYMT,Consumer Services,Real Estate Investment Trusts
BLMN,Consumer Services,Restaurants
RDCM,Technology,Computer peripheral equipment
TYPE,Technology,EDP Services
TELL,Energy,Oil & Gas Production
FNSR,Technology,Semiconductors
RECN,Miscellaneous,Business Services
PDCO,Health Care,Medical Specialities
INSG,Consumer Durables,Telecommunications Equipment
AXGN,Health Care,Biotechnology: Electromedical & Electrotherapeutic Apparatus
AIQ,Health Care,Medical Specialities
INSM,Health Care,Major Pharmaceuticals
VDSI,Technology,EDP Services
DFVS,Finance,Commercial Banks
DFVL,Finance,Commercial Banks
CUTR,Health Care,Biotechnology: Electromedical & Electrotherapeutic Apparatus
STRT,Capital Goods,Auto Parts:O.E.M.
AIA,n/a,n/a
TVTY,Health Care,Hospital/Nursing Management
MNST,Consumer Non-Durables,Beverages (Production/Distribution)
FHCO,Basic Industries,Specialty Chemicals
SQBG,Consumer Non-Durables,Apparel
STRM,Technology,EDP Services
TXN,Technology,Semiconductors
STRL,Basic Industries,Military/Government/Technical
UTHR,Health Care,Major Pharmaceuticals
CBRL,Consumer Services,Restaurants
XTLB,Health Care,Major Pharmaceuticals
CARZ,n/a,n/a
RCKY,Consumer Non-Durables,Shoe Manufacturing
SATS,Technology,Radio And Television Broadcasting And Communications Equipment
HOTR,Consumer Services,Restaurants
BNSO,Capital Goods,Industrial Machinery/Components
ASYS,Technology,Industrial Machinery/Components
NUTR,Consumer Durables,Specialty Chemicals
DXCM,Health Care,Medical/Dental Instruments
ESEA,Transportation,Marine Transportation
VIAV,Technology,Semiconductors
CDOR,Consumer Services,Real Estate Investment Trusts
HSNI,Consumer Services,Other Specialty Stores
CTRN,Consumer Services,Clothing/Shoe/Accessory Stores
HBK,Finance,Savings Institutions
RRGB,Consumer Services,Restaurants
FTEK,Capital Goods,Pollution Control Equipment
EGOV,Miscellaneous,Business Services
TIVO,Miscellaneous,Multi-Sector Companies
FFHL,Capital Goods,Specialty Chemicals
SHLO,Capital Goods,Industrial Specialties
CIGI,Finance,Real Estate
CTRP,Miscellaneous,Business Services
WAFD,Finance,Major Banks
CENX,Basic Industries,Aluminum
CRZO,Energy,Oil & Gas Production
CENT,Consumer Durables,Consumer Specialties
CGNX,Capital Goods,Industrial Machinery/Components
SODA,Consumer Durables,Consumer Electronics/Appliances
FFBCW,Finance,Major Banks
CGNT,Health Care,Biotechnology: Electromedical & Electrotherapeutic Apparatus
BWLD,Consumer Services,Restaurants
PRFZ,n/a,n/a
PFSW,Miscellaneous,Business Services
HAFC,Finance,Major Banks
SAFM,Consumer Non-Durables,Meat/Poultry/Fish
TTNP,Health Care,Biotechnology: Biological Products (No Diagnostic Substances)
SVA,Health Care,Major Pharmaceuticals
HOFT,Consumer Durables,Home Furnishings
JVA,Consumer Non-Durables,Food Distributors
FGBI,Finance,Savings Institutions
MDSO,Technology,Computer Software: Prepackaged Software
BWINB,Finance,Property-Casualty Insurers
XPER,Technology,Semiconductors
BOKF,Finance,Major Banks
AMKR,Technology,Semiconductors
VNQI,n/a,n/a
FONE,n/a,n/a
DNBF,Finance,Major Banks
FLL,Consumer Services,Hotels/Resorts
FLN,n/a,n/a
GMLP,Consumer Services,Marine Transportation
SFST,Finance,Major Banks
UFCS,Finance,Property-Casualty Insurers
FONR,Health Care,Biotechnology: Electromedical & Electrotherapeutic Apparatus
LKQ,Consumer Services,Motor Vehicles
CVCO,Basic Industries,Homebuilding
ORBK,Capital Goods,Industrial Machinery/Components
EFII,Technology,Computer Communications Equipment
BLMT,Finance,Major Banks
BDGE,Finance,Major Banks
APLP,Public Utilities,Natural Gas Distribution
TRS,Capital Goods,Industrial Specialties
AGIIL,Finance,Specialty Insurers
NCTY,Miscellaneous,Business Services
LCUT,Capital Goods,Industrial Machinery/Components
WCST,Consumer Services,Television Services
BKEPP,Energy,Natural Gas Distribution
HTBI,Finance,Savings Institutions
SHBI,Finance,Major Banks
FMNB,Finance,Major Banks
RAND,n/a,n/a
GLBZ,Finance,Major Banks
GLBS,Transportation,Marine Transportation
GLBR,Finance,Investment Bankers/Brokers/Service
NXTM,Health Care,Biotechnology: Electromedical & Electrotherapeutic Apparatus
FLDM,Capital Goods,Biotechnology: Laboratory Analytical Instruments
MPVD,Basic Industries,Precious Metals
BMTC,Finance,Major Banks
KLAC,Capital Goods,Electronic Components
SCSC,Technology,Retail: Computer Software & Peripheral Equipment
AGYS,Technology,EDP Services
DRWI,Public Utilities,Telecommunications Equipment
RRD,Miscellaneous,Publishing
XBKS,Finance,Major Banks
TECH,Health Care,Biotechnology: Biological Products (No Diagnostic Substances)
MCRI,Consumer Services,Hotels/Resorts
TECD,Technology,Retail: Computer Software & Peripheral Equipment
DMLP,Energy,Oil & Gas Production
QVCA,Consumer Services,Catalog/Specialty Distribution
QVCB,Consumer Services,Catalog/Specialty Distribution
FPAY,Technology,Diversified Commercial Services
BCOM,Consumer Services,Telecommunications Equipment
SHPG,Health Care,Major Pharmaceuticals
BLRX,Health Care,Major Pharmaceuticals
BCOV,Technology,EDP Services
ABUS,Health Care,Major Pharmaceuticals
BCOR,Technology,EDP Services
PENN,Consumer Services,Hotels/Resorts
DRAM,Technology,Electronic Components
RDI,Consumer Services,Movies/Entertainment
NTIC,Capital Goods,Industrial Specialties
ICON,Consumer Non-Durables,Shoe Manufacturing
FRME,Finance,Major Banks
FBZ,n/a,n/a
BIDU,Technology,"Computer Software: Programming, Data Processing"
IPAR,Consumer Non-Durables,Package Goods/Cosmetics
IPAS,Technology,EDP Services
NLNK,Health Care,Major Pharmaceuticals
CMTL,Technology,Radio And Television Broadcasting And Communications Equipment
FNBG,Finance,Major Banks
GBDC,n/a,n/a
SEED,Consumer Non-Durables,Farming/Seeds/Milling
MXIM,Technology,Semiconductors
SMTX,Technology,Electrical Products
NFBK,Finance,Savings Institutions
PCAR,Capital Goods,Auto Manufacturing
DTYS,Finance,Commercial Banks
GDEN,Consumer Services,Services-Misc. Amusement & Recreation
ACST,Health Care,Major Pharmaceuticals
TTGT,Miscellaneous,Business Services
SAUC,Consumer Services,Restaurants
PXI,n/a,n/a
SGC,Consumer Non-Durables,Apparel
DTYL,Finance,Commercial Banks
PBSK,Finance,Savings Institutions
MSLI,Health Care,Major Pharmaceuticals
FPA,n/a,n/a
JXSB,Finance,Savings Institutions
CWST,Public Utilities,Environmental Services
SAJA,Miscellaneous,Business Services
IRCP,Consumer Services,Building operators
AHPI,Health Care,Industrial Specialties
CCXI,Health Care,Major Pharmaceuticals
SOFO,Technology,Radio And Television Broadcasting And Communications Equipment
MRTN,Transportation,Trucking Freight/Courier Services
INDY,n/a,n/a
CATM,Miscellaneous,Business Services
CATS,Health Care,Hospital/Nursing Management
INDB,Finance,Major Banks
CATY,Finance,Major Banks
AMTD,Finance,Investment Bankers/Brokers/Service
PNRG,Energy,Oil & Gas Production
PSMT,Consumer Services,Department/Specialty Retail Stores
SIR,Consumer Services,Real Estate Investment Trusts
TITN,Consumer Services,Other Specialty Stores
CIVB,Finance,Major Banks
LSTR,Transportation,Trucking Freight/Courier Services
POPE,Consumer Non-Durables,Environmental Services
GAIN,n/a,n/a
GAIA,Consumer Services,Movies/Entertainment
ACET,Health Care,Other Pharmaceuticals
SSYS,Technology,Computer peripheral equipment
EXAS,Health Care,Biotechnology: Commercial Physical & Biological Resarch
MARPS,Energy,Oil & Gas Production
OIIM,Technology,Semiconductors
AVAV,Capital Goods,Aerospace
GCBC,Finance,Banks
TAX,Miscellaneous,Multi-Sector Companies
MDRX,Technology,EDP Services
TWMC,Consumer Services,Consumer Electronics/Video Chains
CSIQ,Technology,Semiconductors
NYMX,Health Care,Biotechnology: In Vitro & In Vivo Diagnostic Substances
IXUS,n/a,n/a
PVTBP,Finance,Major Banks
IDXG,Health Care,Medical/Dental Instruments
FLXS,Consumer Durables,Home Furnishings
LION,Finance,Major Banks
CSII,Health Care,Medical/Dental Instruments
AMZN,Consumer Services,Catalog/Specialty Distribution
PACW,Finance,Major Banks
RPRX,Health Care,Biotechnology: Biological Products (No Diagnostic Substances)
ITRI,Capital Goods,Electrical Products
PTEN,Energy,Oil & Gas Production
RICK,Consumer Services,Restaurants
PACB,Capital Goods,Biotechnology: Laboratory Analytical Instruments
ITRN,Consumer Non-Durables,Electronic Components
SHSP,Technology,Computer Software: Prepackaged Software
SBNYW,Finance,Major Banks
USEG,Energy,Oil & Gas Production
EMCI,Finance,Property-Casualty Insurers
HBMD,Finance,Major Banks
EMCF,Finance,Major Banks
TST,Consumer Services,Newspapers/Magazines
PSCU,n/a,n/a
LTRX,Technology,Computer Communications Equipment
APOG,Capital Goods,Auto Parts:O.E.M.
AROW,Finance,Major Banks
UGLD,Finance,Investment Bankers/Brokers/Service
PSCI,n/a,n/a
UIHC,Finance,Property-Casualty Insurers
NXPI,Technology,Semiconductors
SNPS,Technology,Computer Software: Prepackaged Software
MHLD,Finance,Property-Casualty Insurers
IGLD,Public Utilities,Telecommunications Equipment
KVHI,Technology,Radio And Television Broadcasting And Communications Equipment
BCRX,Health Care,Biotechnology: Biological Products (No Diagnostic Substances)
FFIV,Technology,Computer Communications Equipment
MSTR,Technology,Computer Software: Prepackaged Software
FFIN,Finance,Major Banks
TRCH,Energy,Oil & Gas Production
FFIC,Finance,Major Banks
TRCB,Finance,Major Banks
DSLV,Finance,Investment Bankers/Brokers/Service
SAIA,Transportation,Trucking Freight/Courier Services
UFPI,Basic Industries,Forest Products
PRGS,Technology,Computer Software: Prepackaged Software
PSCD,n/a,n/a
PSCE,n/a,n/a
PRGX,Consumer Services,Diversified Commercial Services
EVLV,Consumer Services,Catalog/Specialty Distribution
ABTL,Technology,"Computer Software: Programming, Data Processing"
BANFP,Finance,Major Banks
IDTI,Technology,Semiconductors
RBCN,Technology,Semiconductors
UBOH,Finance,Major Banks
FCA,n/a,n/a
LQDT,Miscellaneous,Business Services
AMED,Health Care,Medical/Nursing Services
SMCI,Technology,Computer Manufacturing
FMK,n/a,n/a
CLSN,Health Care,Major Pharmaceuticals
THLD,Health Care,Major Pharmaceuticals
TSCO,Consumer Services,RETAIL: Building Materials
WASH,Finance,Major Banks
SP,Consumer Services,Rental/Leasing Companies
UNFI,Consumer Non-Durables,Food Distributors
QABA,n/a,n/a
PGLC,Basic Industries,Precious Metals
OVLY,Finance,Major Banks
ORMP,Health Care,Major Pharmaceuticals
BYFC,Finance,Savings Institutions
QRHC,Technology,Diversified Commercial Services
CAR,Consumer Services,Rental/Leasing Companies
IBB,n/a,n/a
YRCW,Transportation,Trucking Freight/Courier Services
VCIT,n/a,n/a
PRSC,Consumer Services,Transportation Services
CAC,Finance,Major Banks
BNCL,Finance,Savings Institutions
BNCN,Finance,Major Banks
PGC,Finance,Commercial Banks
INCY,Health Care,Biotechnology: Commercial Physical & Biological Resarch
PGJ,n/a,n/a
BKEP,Energy,Natural Gas Distribution
FANH,Finance,Specialty Insurers
HIHO,Capital Goods,Metal Fabrications
PME,n/a,n/a
VTIP,n/a,n/a
FLEX,Technology,Electrical Products
AKRX,Health Care,Major Pharmaceuticals
UNTY,Finance,Major Banks
DYSL,Capital Goods,Industrial Machinery/Components
MMSI,Health Care,Medical/Dental Instruments
RAIL,Capital Goods,Railroads
CWBC,Finance,Major Banks
GRID,n/a,n/a
CACC,Finance,Finance: Consumer Services
CACB,Finance,Major Banks
ZIOP,Health Care,Major Pharmaceuticals
GNUS,Consumer Services,Movies/Entertainment
SIMO,Technology,Semiconductors
GLAD,n/a,n/a
ALKS,Health Care,Major Pharmaceuticals
BLKB,Technology,Computer Software: Prepackaged Software
CDZI,Public Utilities,Water Supply
SSB,Finance,Major Banks
HBANP,Finance,Major Banks
UTSI,Consumer Durables,Telecommunications Equipment
TCPC,n/a,n/a
NUVA,Health Care,Medical/Dental Instruments
COWN,Finance,Investment Bankers/Brokers/Service
LINU,Consumer Services,Services-Misc. Amusement & Recreation
FSFG,Finance,Savings Institutions
HDNG,Capital Goods,Industrial Machinery/Components
RCII,Technology,Diversified Commercial Services
CSFL,Finance,Major Banks
LINK,Technology,Computer peripheral equipment
GPIC,Consumer Non-Durables,Recreational Products/Toys
NWFL,Finance,Major Banks
LINC,Consumer Services,Other Consumer Services
PLUG,Energy,Industrial Machinery/Components
CBFV,Finance,Major Banks
LONE,Energy,Oil & Gas Production
AOSL,Technology,Semiconductors
CTBI,Finance,Major Banks
PLUS,Technology,Retail: Computer Software & Peripheral Equipment
MEOH,Basic Industries,Major Chemicals
WCFB,Finance,Major Banks
PCRX,Health Care,Major Pharmaceuticals
RNVA,Health Care,Precision Instruments
DFFN,Health Care,Major Pharmaceuticals
URBN,Consumer Services,Clothing/Shoe/Accessory Stores
AYA,Technology,"Computer Software: Programming, Data Processing"
MAYS,Consumer Services,Building operators
FNCX,Technology,"Computer Software: Programming, Data Processing"
VIRC,Consumer Durables,Industrial Specialties
EGHT,Public Utilities,Telecommunications Equipment
PYZ,n/a,n/a
CLRB,Health Care,Major Pharmaceuticals
QUMU,Technology,Computer Software: Prepackaged Software
ESGR,Finance,Property-Casualty Insurers
NLST,Technology,Semiconductors
ACTA,Technology,EDP Services
SAVE,Transportation,Air Freight/Delivery Services
HTBK,Finance,Major Banks
ACTG,Miscellaneous,Multi-Sector Companies
ATSG,Transportation,Air Freight/Delivery Services
RILY,Miscellaneous,Business Services
ISNS,Capital Goods,Industrial Machinery/Components
DXYN,Consumer Durables,Home Furnishings
ECYT,Health Care,Major Pharmaceuticals
LAYN,Basic Industries,Engineering & Construction
BBRY,Public Utilities,Telecommunications Equipment
ONVI,Miscellaneous,Business Services
PPHM,Health Care,Major Pharmaceuticals
DENN,Consumer Services,Restaurants
ONVO,Health Care,Biotechnology: Biological Products (No Diagnostic Substances)
IIIN,Capital Goods,Steel/Iron Ore
NETE,Technology,EDP Services
EA,Technology,Computer Software: Prepackaged Software
TBBK,Finance,Major Banks
ACFC,Finance,Savings Institutions
MGI,Miscellaneous,Business Services
BBGI,Consumer Services,Broadcasting
TXRH,Consumer Services,Restaurants
OTEL,Public Utilities,Telecommunications Equipment
MLAB,Capital Goods,Industrial Machinery/Components
FOLD,Health Care,Major Pharmaceuticals
RFIL,Capital Goods,Electrical Products
WSFSL,Finance,Major Banks
OTEX,Technology,EDP Services
CYCCP,Health Care,Major Pharmaceuticals
CLRO,Public Utilities,Telecommunications Equipment
ADSK,Technology,Computer Software: Prepackaged Software
DWAQ,n/a,n/a
DWAS,n/a,n/a
APPS,Miscellaneous,Multi-Sector Companies
LBIX,Consumer Non-Durables,Beverages (Production/Distribution)
MDIV,n/a,n/a
GEVO,Basic Industries,Major Chemicals
LBIO,Health Care,Biotechnology: Biological Products (No Diagnostic Substances)
AIMC,Capital Goods,Industrial Machinery/Components
AVNW,Technology,Radio And Television Broadcasting And Communications Equipment
MDGL,Health Care,Major Pharmaceuticals
TLT,n/a,n/a
BFIN,Finance,Savings Institutions
BIOL,Health Care,Medical/Dental Instruments
ITIC,Finance,Specialty Insurers
ARNA,Health Care,Major Pharmaceuticals
HNRG,Energy,Coal Mining
AREX,Energy,Oil & Gas Production
LTEA,Consumer Non-Durables,Beverages (Production/Distribution)
EXPD,Transportation,Oil Refining/Marketing
ACRX,Health Care,Major Pharmaceuticals
CWCO,Public Utilities,Water Supply
TSLA,Capital Goods,Auto Manufacturing
KBWR,n/a,n/a
DWSN,Energy,Oil & Gas Production
SINO,Transportation,Oil Refining/Marketing
CADC,Basic Industries,Engineering & Construction
ABIO,Health Care,Biotechnology: In Vitro & In Vivo Diagnostic Substances
WBA,Health Care,Medical/Nursing Services
MRDN,Basic Industries,Miscellaneous
SINA,Technology,Computer Software: Prepackaged Software
PNBK,Finance,Major Banks
TEAR,Health Care,Medical/Dental Instruments
UVSP,Finance,Major Banks
ARRS,Technology,Radio And Television Broadcasting And Communications Equipment
PEIX,Basic Industries,Major Chemicals
ALJJ,Miscellaneous,Business Services
ARRY,Health Care,Major Pharmaceuticals
AKAM,Miscellaneous,Business Services
BEAT,Health Care,Medical Specialities
GLRE,Finance,Property-Casualty Insurers
XOMA,Health Care,Major Pharmaceuticals
ALXN,Health Care,Major Pharmaceuticals
ICAD,Health Care,Medical/Dental Instruments
AEMD,Capital Goods,Biotechnology: Laboratory Analytical Instruments
IPCC,Finance,Property-Casualty Insurers
TESO,Energy,Metal Fabrications
UBNK,Finance,Banks
KEQU,Capital Goods,Medical Specialities
ULTA,Consumer Services,Other Specialty Stores
IPCI,Health Care,Major Pharmaceuticals
IMMY,Health Care,Major Pharmaceuticals
NKTR,Health Care,Major Pharmaceuticals
FIBK,Finance,Major Banks
IFGL,n/a,n/a
IMMR,Technology,Computer peripheral equipment
IMMU,Health Care,Biotechnology: In Vitro & In Vivo Diagnostic Substances
ROLL,Capital Goods,Metal Fabrications
TLF,Consumer Non-Durables,Apparel
NFLX,Consumer Services,Consumer Electronics/Video Chains
CVCY,Finance,Major Banks
BPTH,Health Care,Major Pharmaceuticals
FNLC,Finance,Major Banks
AGEN,Health Care,Biotechnology: Biological Products (No Diagnostic Substances)
WRLD,Finance,Finance: Consumer Services
OSIS,Technology,Semiconductors
KCAP,n/a,n/a
IRWD,Health Care,Major Pharmaceuticals
DVCR,Health Care,Hospital/Nursing Management
ENSG,Health Care,Hospital/Nursing Management
CLNE,Public Utilities,Natural Gas Distribution
EXEL,Health Care,Biotechnology: Commercial Physical & Biological Resarch
FRAN,Consumer Services,Clothing/Shoe/Accessory Stores
FVE,Health Care,Hospital/Nursing Management
AWRE,Technology,Computer Software: Prepackaged Software
IAC,Consumer Services,Other Specialty Stores
CLNT,Technology,Industrial Machinery/Components
BGCP,Finance,Investment Bankers/Brokers/Service
NYNY,Consumer Services,Restaurants
VONE,n/a,n/a
VALU,Finance,Investment Managers
CAVM,Technology,Semiconductors
PHO,n/a,n/a
NWLI,Finance,Life Insurance
ZIXI,Technology,EDP Services
CHNR,Basic Industries,Precious Metals
INBK,Finance,Major Banks
SHLM,Basic Industries,Major Chemicals
CRMT,Consumer Durables,Automotive Aftermarket
RVLT,Consumer Durables,Building Products
ESRX,Health Care,Medical/Nursing Services
VONG,n/a,n/a
CTAS,Consumer Non-Durables,Apparel
PMBC,Finance,Major Banks
XRDC,n/a,n/a
TRST,Finance,Major Banks
ACGL,Finance,Property-Casualty Insurers
HOVNP,Capital Goods,Homebuilding
OKSB,Finance,Major Banks
IXYS,Technology,Semiconductors
AMNB,Finance,Major Banks
HBP,Consumer Services,RETAIL: Building Materials
GEC,Technology,Computer Software: Prepackaged Software
MAGS,Consumer Durables,Telecommunications Equipment
HWKN,Consumer Durables,Specialty Chemicals
IBKC,Finance,Major Banks
SIRI,Consumer Services,Broadcasting
CSGS,Technology,EDP Services
CSGP,Miscellaneous,Business Services
IBKR,Finance,Investment Bankers/Brokers/Service
EBTC,Finance,Major Banks
MCHI,n/a,n/a
NOVT,Miscellaneous,Industrial Machinery/Components
STBZ,Finance,Major Banks
TWIN,Technology,Industrial Machinery/Components
UCBI,Finance,Major Banks
MCHX,Miscellaneous,Business Services
RNWK,Technology,EDP Services
CBIO,Health Care,Major Pharmaceuticals
MCHP,Technology,Semiconductors
FIVE,Consumer Services,Department/Specialty Retail Stores
OPHC,Finance,Major Banks
MPWR,Technology,Semiconductors
ATLO,Finance,Major Banks
ATLC,Finance,Finance: Consumer Services
REXX,Energy,Oil & Gas Production
PRFT,Technology,EDP Services
OMEX,Consumer Services,Marine Transportation
NSIT,Consumer Services,Catalog/Specialty Distribution
OPTT,Public Utilities,Electric Utilities: Central
COOL,Technology,Computer Software: Prepackaged Software
RTRX,Health Care,Major Pharmaceuticals
ATRC,Health Care,Medical/Dental Instruments
ANSS,Technology,Computer Software: Prepackaged Software
VTGN,Health Care,Major Pharmaceuticals
ATRI,Health Care,Medical/Dental Instruments
YORW,Public Utilities,Water Supply
SMMF,Finance,Major Banks
ATRO,Capital Goods,Military/Government/Technical
ATRS,Health Care,Medical/Dental Instruments
SLMBP,Finance,Finance: Consumer Services
BCPC,Basic Industries,Major Chemicals
TISA,Technology,Computer peripheral equipment
MLNK,Miscellaneous,Business Services
PYDS,Finance,Investment Bankers/Brokers/Service
MLNX,Technology,Semiconductors
GNTX,Capital Goods,Auto Parts:O.E.M.
FFKT,Finance,Major Banks
MBFI,Finance,Major Banks
PPIH,Capital Goods,Pollution Control Equipment
SFBC,Finance,Savings Institutions
ETRM,Health Care,Biotechnology: Electromedical & Electrotherapeutic Apparatus
ARCW,Capital Goods,Metal Fabrications
BCLI,Health Care,Biotechnology: Biological Products (No Diagnostic Substances)
EVBS,Finance,Major Banks
ARCB,Transportation,Trucking Freight/Courier Services
ARCC,n/a,n/a
WTFC,Finance,Major Banks
ARCI,Consumer Services,Home Furnishings
QCLN,n/a,n/a
LEDS,Technology,Semiconductors
KGJI,Miscellaneous,Business Services
KERX,Health Care,Major Pharmaceuticals
EMITF,Consumer Services,Building operators
ROCK,Capital Goods,Steel/Iron Ore
FAB,n/a,n/a
FRPH,Finance,Real Estate
PDLI,Health Care,Biotechnology: Biological Products (No Diagnostic Substances)
FAD,n/a,n/a
GOOG,Technology,"Computer Software: Programming, Data Processing"
GOOD,Consumer Services,Real Estate
ADRU,n/a,n/a
DEST,Consumer Services,Clothing/Shoe/Accessory Stores
VECO,Technology,Industrial Machinery/Components
SFLY,Miscellaneous,Other Consumer Services
ADRA,n/a,n/a
SPOK,Public Utilities,Telecommunications Equipment
ADRE,n/a,n/a
ADRD,n/a,n/a
ICPT,Health Care,Major Pharmaceuticals
MNTA,Health Care,Biotechnology: Biological Products (No Diagnostic Substances)
MPAA,Capital Goods,Auto Parts:O.E.M.
MIDD,Technology,Industrial Machinery/Components
WBMD,Miscellaneous,Business Services
LLNW,Miscellaneous,Business Services
SBLK,Transportation,Marine Transportation
ANIK,Health Care,Medical/Dental Instruments
FRBK,Finance,Major Banks
WLDN,Consumer Services,Military/Government/Technical
HMNY,Consumer Services,Other Consumer Services
BLIN,Technology,Computer Software: Prepackaged Software
AAXN,Capital Goods,Ordnance And Accessories
HMNF,Finance,Savings Institutions
AAXJ,n/a,n/a
CLMT,Energy,Integrated oil Companies
BKMU,Finance,Savings Institutions
SAFT,Finance,Property-Casualty Insurers
ANIP,Health Care,Major Pharmaceuticals
JASO,Technology,Semiconductors
PIO,n/a,n/a
CHMG,Finance,Major Banks
BKCC,n/a,n/a
PID,n/a,n/a
PIE,n/a,n/a
INAP,Technology,"Computer Software: Programming, Data Processing"
FLIR,Capital Goods,Industrial Machinery/Components
TURN,Finance,Finance/Investors Services
PIZ,n/a,n/a
MYL,Health Care,Major Pharmaceuticals
FLIC,Finance,Major Banks
SYKE,Technology,EDP Services
CCIH,Technology,EDP Services
JJSF,Consumer Non-Durables,Specialty Foods
MRCC,n/a,n/a
NXST,Consumer Services,Broadcasting
ON,Technology,Semiconductors
CDXS,Basic Industries,Major Chemicals
TTMI,Technology,Electrical Products
ARQL,Health Care,Major Pharmaceuticals
NTRS,Finance,Major Banks
NTRI,Consumer Services,Catalog/Specialty Distribution
CDXC,Consumer Durables,Specialty Chemicals
URRE,Basic Industries,Precious Metals
DGLD,Finance,Investment Bankers/Brokers/Service
CHCO,Finance,Major Banks
CHCI,Capital Goods,Homebuilding
INOD,Technology,EDP Services
BYBK,Finance,Major Banks
CHTR,Consumer Services,Television Services
DGLY,Technology,Radio And Television Broadcasting And Communications Equipment
SSFN,Finance,Major Banks
CVLT,Technology,Computer Software: Prepackaged Software
DFRG,Consumer Services,Restaurants
PCTI,Technology,Radio And Television Broadcasting And Communications Equipment
AMD,Technology,Semiconductors
CVLY,Finance,Savings Institutions
LOPE,Consumer Services,Other Consumer Services
PVTB,Finance,Major Banks
MSFT,Technology,Computer Software: Prepackaged Software
GTWN,Finance,Major Banks
SWIR,Technology,Radio And Television Broadcasting And Communications Equipment
LMAT,Health Care,Medical/Dental Instruments
LRCX,Technology,Industrial Machinery/Components
CFFN,Finance,Savings Institutions
CFFI,Finance,Major Banks
MVIS,Capital Goods,Industrial Machinery/Components
SNHY,Capital Goods,Metal Fabrications
PCBK,Finance,Major Banks
CVBF,Finance,Major Banks
AHGP,Energy,Coal Mining
CZNC,Finance,Major Banks
ANGO,Health Care,Medical/Dental Instruments
ANGI,Consumer Services,Advertising
JSM,Finance,Finance: Consumer Services
HTLD,Transportation,Trucking Freight/Courier Services
HTLF,Finance,Major Banks
HOPE,Finance,Major Banks
NEO,Health Care,Precision Instruments
IGOV,n/a,n/a
KOPN,Technology,Semiconductors
RGEN,Health Care,Biotechnology: Biological Products (No Diagnostic Substances)
JCTCF,Consumer Services,RETAIL: Building Materials
SALM,Consumer Services,Broadcasting
MGCD,Health Care,Medical/Dental Instruments
CYRN,Technology,Computer Software: Prepackaged Software
WABC,Finance,Major Banks
PHII,Transportation,Transportation Services
SOHU,Technology,EDP Services
POWI,Technology,Semiconductors
LSCC,Technology,Semiconductors
QBAK,Technology,Electronic Components
CYRX,Transportation,Oil Refining/Marketing
LAWS,Consumer Durables,Industrial Specialties
GSIT,Technology,Semiconductors
GILD,Health Care,Biotechnology: Biological Products (No Diagnostic Substances)
DGAS,Public Utilities,Oil & Gas Production
ESSA,Finance,Banks
ACHN,Health Care,Major Pharmaceuticals
CPHC,Consumer Services,Services-Misc. Amusement & Recreation
MSEX,Public Utilities,Water Supply
GILT,Technology,Radio And Television Broadcasting And Communications Equipment
PRTK,Health Care,Major Pharmaceuticals
SCHL,Consumer Services,Books
ACHC,Health Care,Medical Specialities
MBWM,Finance,Major Banks
REIS,Miscellaneous,Business Services
EBAY,Miscellaneous,Business Services
NAUH,Consumer Services,Other Consumer Services
BOOM,Capital Goods,Industrial Specialties
AMOV,Public Utilities,Telecommunications Equipment
AMOT,Capital Goods,Electrical Products
CPLP,Transportation,Marine Transportation
HRZN,n/a,n/a
SPNS,Technology,Computer Software: Prepackaged Software
MLCO,Consumer Services,Hotels/Resorts
CPLA,Consumer Services,Other Consumer Services
SVVC,n/a,n/a
WETF,Finance,Investment Bankers/Brokers/Service
SPNC,Health Care,Biotechnology: Electromedical & Electrotherapeutic Apparatus
PBCT,Finance,Savings Institutions
PDCE,Energy,Oil & Gas Production
AMSWA,Technology,Computer Software: Prepackaged Software
AFAM,Health Care,Medical/Nursing Services
NICK,Finance,Finance Companies
NMRX,Consumer Durables,Telecommunications Equipment
SBOT,Health Care,Major Pharmaceuticals
SMBC,Finance,Banks
QSII,Technology,EDP Services
QQEW,n/a,n/a
DMRC,Technology,EDP Services
TA,Consumer Durables,Automotive Aftermarket
ATOS,Health Care,Medical/Dental Instruments
HBHC,Finance,Major Banks
ISRL,Energy,Oil & Gas Production
AFSI,Finance,Property-Casualty Insurers
OMCL,Technology,Computer Manufacturing
ISRG,Health Care,Industrial Specialties
ARLZ,Health Care,Major Pharmaceuticals
ARLP,Energy,Coal Mining
TESS,Consumer Non-Durables,Electronic Components
VSAT,Technology,Radio And Television Broadcasting And Communications Equipment
GNVC,Health Care,Major Pharmaceuticals
SBAC,Consumer Services,Real Estate Investment Trusts
FALC,Technology,Computer Software: Prepackaged Software
WLB,Energy,Coal Mining
EFSC,Finance,Major Banks
HEES,n/a,n/a
MANT,Consumer Services,Other Consumer Services
SRCE,Finance,Major Banks
WFBI,Finance,Major Banks
QGEN,Health Care,Biotechnology: Biological Products (No Diagnostic Substances)
MANH,Technology,Computer Software: Prepackaged Software
KTEC,Technology,Industrial Machinery/Components
TAYD,Capital Goods,Industrial Machinery/Components
APRI,Health Care,Major Pharmaceuticals
TCBIW,Finance,Major Banks
BECN,Consumer Services,RETAIL: Building Materials
TCBIL,Finance,Major Banks
DORM,Capital Goods,Auto Parts:O.E.M.
PLPM,Miscellaneous,Business Services
NVIV,Health Care,Medical/Dental Instruments
ICCC,Health Care,Biotechnology: In Vitro & In Vivo Diagnostic Substances
IFEU,n/a,n/a
FOXA,Consumer Services,Television Services
OTIV,Technology,Semiconductors
WOOF,Consumer Non-Durables,Farming/Seeds/Milling
CMPR,Miscellaneous,Publishing
MDCO,Health Care,Major Pharmaceuticals
CSWC,n/a,n/a
VTWV,n/a,n/a
WMGI,Health Care,Industrial Specialties
SPIL,Technology,Semiconductors
SEAC,Technology,Radio And Television Broadcasting And Communications Equipment
VEON,Public Utilities,Telecommunications Equipment
DRYS,Transportation,Marine Transportation
AAWW,Transportation,Transportation Services
CYOU,Technology,Computer Software: Prepackaged Software
DCOM,Finance,Savings Institutions
DVAX,Health Care,Major Pharmaceuticals
JMBA,Consumer Services,Restaurants
VRML,Health Care,Biotechnology: In Vitro & In Vivo Diagnostic Substances
NBTB,Finance,Major Banks
FTR,Public Utilities,Telecommunications Equipment
FTW,n/a,n/a
STBA,Finance,Major Banks
ELSE,Capital Goods,Industrial Machinery/Components
FTA,n/a,n/a
IGF,n/a,n/a
FTC,n/a,n/a
LHCG,Health Care,Medical/Nursing Services
UTMD,Health Care,Medical/Dental Instruments
BLFS,Health Care,Biotechnology: Electromedical & Electrotherapeutic Apparatus
CBF,Finance,Major Banks
HIMX,Technology,Semiconductors
PSAU,n/a,n/a
SBSI,Finance,Major Banks
CNBKA,Finance,Major Banks
WMIH,Finance,Finance: Consumer Services
NUAN,Technology,Computer Software: Prepackaged Software
CIZN,Finance,Major Banks
CROX,Consumer Non-Durables,Shoe Manufacturing
ACIW,Technology,Computer Software: Prepackaged Software
AMSC,Consumer Durables,Metal Fabrications
SCCI,n/a,n/a
HAIN,Consumer Non-Durables,Packaged Foods
MSFG,Finance,Major Banks
MGRC,Technology,Diversified Commercial Services
FB,Technology,"Computer Software: Programming, Data Processing"
TICC,n/a,n/a
AUDC,Public Utilities,Telecommunications Equipment
FH,Miscellaneous,Multi-Sector Companies
CYAN,Consumer Durables,Specialty Chemicals
HOMB,Finance,Major Banks
NATR,Health Care,Major Pharmaceuticals
BONT,Consumer Services,Department/Specialty Retail Stores
NATI,Technology,Computer Software: Prepackaged Software
NATH,Consumer Services,Restaurants
ASPS,Consumer Services,Other Consumer Services
RPXC,Miscellaneous,Multi-Sector Companies
MBVT,Finance,Major Banks
VOD,Public Utilities,Telecommunications Equipment
SITO,Miscellaneous,Business Services
ACWI,n/a,n/a
REFR,Miscellaneous,Multi-Sector Companies
ESBK,Finance,Major Banks
ILMN,Capital Goods,Biotechnology: Laboratory Analytical Instruments
GRVY,Miscellaneous,Business Services
ACWX,n/a,n/a
YY,Technology,EDP Services
VIIX,Finance,Investment Bankers/Brokers/Service
MARA,Miscellaneous,Multi-Sector Companies
VIIZ,Finance,Investment Bankers/Brokers/Service
RTIX,Health Care,Industrial Specialties
PLPC,Basic Industries,Water Supply
UEPS,Finance,Investment Bankers/Brokers/Service
MARK,Consumer Services,Telecommunications Equipment
VTWO,n/a,n/a
MXWL,Miscellaneous,Industrial Machinery/Components
ASCMA,Consumer Services,Other Consumer Services
VTWG,n/a,n/a
LYTS,Consumer Durables,Building Products
PAGG,n/a,n/a
USAK,Transportation,Trucking Freight/Courier Services
ADBE,Technology,Computer Software: Prepackaged Software
MYOS,Health Care,Major Pharmaceuticals
MDXG,Health Care,Medical/Dental Instruments
MITL,Technology,Radio And Television Broadcasting And Communications Equipment
MITK,Technology,Computer peripheral equipment
USAP,Basic Industries,Steel/Iron Ore
BELFB,Capital Goods,Electrical Products
HBIO,Capital Goods,Biotechnology: Laboratory Analytical Instruments
BELFA,Capital Goods,Electrical Products
BVSN,Technology,Computer Software: Prepackaged Software
ISSC,Technology,EDP Services
ATNI,Public Utilities,Telecommunications Equipment
FITB,Finance,Major Banks
WVFC,Finance,Banks
USAT,Miscellaneous,Office Equipment/Supplies/Services
RTNB,Consumer Services,Professional Services
NSYS,Capital Goods,Industrial Machinery/Components
SLGN,Consumer Durables,Containers/Packaging
FTNT,Technology,Computer peripheral equipment
BANR,Finance,Major Banks
PCYO,Public Utilities,Water Supply
BANF,Finance,Major Banks
CMLS,Consumer Services,Broadcasting
SCVL,Consumer Services,Clothing/Shoe/Accessory Stores
UG,Consumer Non-Durables,Package Goods/Cosmetics
OFS,n/a,n/a
OTTR,Public Utilities,Electric Utilities: Central
CRAY,Technology,Computer Manufacturing
DXTR,Health Care,Medical/Dental Instruments
SMBK,Finance,Major Banks
LSBK,Finance,Savings Institutions
PRCP,Capital Goods,Electronic Components
CRAI,Miscellaneous,Other Consumer Services
GOOGL,Technology,"Computer Software: Programming, Data Processing"
ARAY,Health Care,Medical/Dental Instruments
FTRI,n/a,n/a
EGT,Consumer Durables,Miscellaneous manufacturing industries
RDNT,Health Care,Medical Specialities
FOSL,Consumer Non-Durables,Consumer Specialties
BEBE,Consumer Non-Durables,Apparel
IMPV,Technology,Computer Software: Prepackaged Software
EXTR,Technology,Computer Communications Equipment
SMIT,Capital Goods,Industrial Machinery/Components
FGM,n/a,n/a
SPSC,Technology,Computer Software: Prepackaged Software
WPPGY,Technology,Advertising
UBSH,Finance,Major Banks
OHAI,n/a,n/a
RMCF,Consumer Non-Durables,Specialty Foods
SFNC,Finance,Major Banks
SBNY,Finance,Major Banks
MDCA,Technology,Advertising
BWEN,Capital Goods,Metal Fabrications
OZRK,Finance,Major Banks
ROSG,Health Care,Major Pharmaceuticals
FBNC,Finance,Major Banks
SILC,Technology,Computer Communications Equipment
GURE,Basic Industries,Major Chemicals
ROST,Consumer Services,Clothing/Shoe/Accessory Stores
MMAC,Finance,Real Estate
EXFO,Capital Goods,Electrical Products
NVDQ,Health Care,Biotechnology: Electromedical & Electrotherapeutic Apparatus
OCC,Basic Industries,Telecommunications Equipment
ZION,Finance,Major Banks
VLGEA,Consumer Services,Food Chains
ELTK,Technology,Electrical Products
NVDA,Technology,Semiconductors
STAA,Health Care,Ophthalmic Goods
CZWI,Finance,Savings Institutions
USATP,Miscellaneous,Office Equipment/Supplies/Services
PKW,n/a,n/a
SBRA,Consumer Services,Real Estate Investment Trusts
BPOPM,Finance,Major Banks
BPOPN,Finance,Major Banks
ASMB,Health Care,Major Pharmaceuticals
CCUR,Technology,Computer Manufacturing
ASML,Technology,Industrial Machinery/Components
SYMC,Technology,Computer Software: Prepackaged Software
BICK,n/a,n/a
LUNA,Health Care,Biotechnology: Commercial Physical & Biological Resarch
SUMR,Consumer Durables,Miscellaneous manufacturing industries
JACK,Consumer Services,Restaurants
BKSC,Finance,Major Banks
CSQ,n/a,n/a
RIBT,Consumer Non-Durables,Packaged Foods
VOXX,Consumer Non-Durables,Electronic Components
UNXL,Capital Goods,Industrial Machinery/Components
WIFI,Consumer Services,Telecommunications Equipment
ALGT,Transportation,Air Freight/Delivery Services
BRCD,Technology,Computer Communications Equipment
ODP,Consumer Services,Other Specialty Stores
ALGN,Health Care,Industrial Specialties
ARWR,Health Care,Major Pharmaceuticals
HFBL,Finance,Savings Institutions
ACXM,Technology,EDP Services
NURO,Health Care,Medical/Dental Instruments
HFBC,Finance,Major Banks
NWBI,Finance,Major Banks
HIBB,Consumer Services,Other Specialty Stores
JOBS,Technology,Diversified Commercial Services
PMD,Health Care,Medical Specialities
WSFS,Finance,Major Banks
CMCO,Capital Goods,Construction/Ag Equipment/Trucks
FCSC,Health Care,Major Pharmaceuticals
LRAD,Consumer Non-Durables,Consumer Electronics/Appliances
CSBK,Finance,Savings Institutions
MASI,Health Care,Biotechnology: Electromedical & Electrotherapeutic Apparatus
LORL,Technology,Radio And Television Broadcasting And Communications Equipment
CSBR,Health Care,Biotechnology: Biological Products (No Diagnostic Substances)
CMCT,Consumer Services,Real Estate Investment Trusts
QCRH,Finance,Major Banks
CSTE,Capital Goods,Building Materials
CAKE,Consumer Services,Restaurants
UNB,Finance,Major Banks
FSTR,Basic Industries,Metal Fabrications
CDTI,Capital Goods,Pollution Control Equipment
DFBG,Consumer Non-Durables,Apparel
AETI,Energy,Industrial Machinery/Components
VIVE,Health Care,Biotechnology: Electromedical & Electrotherapeutic Apparatus
ITI,Consumer Durables,Telecommunications Equipment
VSTM,Health Care,Major Pharmaceuticals
VRNT,Technology,EDP Services
CCRN,Technology,Professional Services
VIVO,Health Care,Biotechnology: In Vitro & In Vivo Diagnostic Substances
MNGA,Technology,Industrial Machinery/Components
ENPH,Technology,Semiconductors
EGLE,Transportation,Marine Transportation
OXLC,n/a,n/a
CRME,Health Care,Major Pharmaceuticals
CVTI,Transportation,Trucking Freight/Courier Services
WKHS,Capital Goods,Auto Manufacturing
ISBC,Finance,Major Banks
SSNC,Technology,Computer Software: Prepackaged Software
OTTW,Finance,Savings Institutions
HSTM,Technology,"Computer Software: Programming, Data Processing"
PATK,Basic Industries,Forest Products
SBBX,Finance,Major Banks
SANW,Consumer Non-Durables,Farming/Seeds/Milling
JOUT,Consumer Non-Durables,Recreational Products/Toys
CYTK,Health Care,Major Pharmaceuticals
BIB,n/a,n/a
MGEE,Energy,Electric Utilities: Central
MGPI,Consumer Non-Durables,Beverages (Production/Distribution)
CYTX,Health Care,Medical/Dental Instruments
CYTR,Health Care,Biotechnology: Biological Products (No Diagnostic Substances)
BSFT,Technology,Computer Software: Prepackaged Software
BIS,n/a,n/a
LNCE,Consumer Non-Durables,Specialty Foods
HOLX,Health Care,Medical Electronics
MIND,Technology,Diversified Commercial Services
SLP,Technology,EDP Services
CRNT,Technology,Radio And Television Broadcasting And Communications Equipment
SLM,Finance,Finance: Consumer Services
PSCT,n/a,n/a
HOLI,Energy,Industrial Machinery/Components
CYBE,Capital Goods,Electronic Components
POOL,Consumer Durables,Industrial Specialties
GSOL,Consumer Services,Advertising
RGCO,Public Utilities,Oil & Gas Production
UHAL,Consumer Services,Rental/Leasing Companies
TCX,Technology,EDP Services
DRAD,Health Care,Biotechnology: Electromedical & Electrotherapeutic Apparatus
NWPX,Basic Industries,Steel/Iron Ore
GENC,Capital Goods,Construction/Ag Equipment/Trucks
BUR,Consumer Non-Durables,Packaged Foods
BDSI,Health Care,Major Pharmaceuticals
GFN,Technology,Diversified Commercial Services
PRXL,Health Care,Biotechnology: Commercial Physical & Biological Resarch
PKOH,Capital Goods,Industrial Specialties
QQXT,n/a,n/a
BSTC,Health Care,Major Pharmaceuticals
EXA,Technology,Computer Software: Prepackaged Software
RMBS,Technology,Semiconductors
BPFHW,Finance,Major Banks
VNDA,Health Care,Major Pharmaceuticals
MELI,Miscellaneous,Business Services
DEPO,Health Care,Major Pharmaceuticals
PWOD,Finance,Major Banks
SPLS,Consumer Services,Other Specialty Stores
PICO,Finance,Real Estate
MFIN,Finance,Finance: Consumer Services
CUI,Consumer Non-Durables,Electronic Components
ECOL,Public Utilities,Environmental Services
MYRG,Basic Industries,Water Supply
SONA,Finance,Major Banks
CETV,Consumer Services,Broadcasting
SONC,Consumer Services,Restaurants
MBCN,Finance,Major Banks
SONS,Technology,EDP Services
FNY,n/a,n/a
XLNX,Technology,Semiconductors
IESC,Capital Goods,Engineering & Construction
BOSC,Technology,Computer Communications Equipment
EEFT,Finance,Investment Bankers/Brokers/Service
NVMI,Capital Goods,Electronic Components
TAIT,Consumer Non-Durables,Electronic Components
EDAP,Health Care,Biotechnology: Electromedical & Electrotherapeutic Apparatus
MMLP,Energy,Oil Refining/Marketing
SYNC,Technology,"Computer Software: Programming, Data Processing"
DLBL,Finance,Commercial Banks
SYNA,Technology,EDP Services
DLBS,Finance,Commercial Banks
SBCF,Finance,Major Banks
FDT,n/a,n/a
SYNT,Technology,EDP Services
CLBS,Health Care,Hospital/Nursing Management
FANG,Energy,Oil & Gas Production
FNK,n/a,n/a
ABMD,Health Care,Medical/Dental Instruments
GLDD,Basic Industries,Military/Government/Technical
AEGN,Basic Industries,Water Supply
SGEN,Health Care,Biotechnology: Biological Products (No Diagnostic Substances)
MKSI,Capital Goods,Industrial Machinery/Components
KTCC,Technology,Computer peripheral equipment
QCOM,Technology,Radio And Television Broadcasting And Communications Equipment
SVBI,Finance,Major Banks
RMTI,Health Care,Biotechnology: Electromedical & Electrotherapeutic Apparatus
IPGP,Technology,Semiconductors
STRS,Consumer Services,Homebuilding
GYRO,Consumer Services,Building operators
SPRT,Technology,EDP Services
CNXN,Consumer Services,Catalog/Specialty Distribution
EVGN,Basic Industries,Agricultural Chemicals
IDSA,Consumer Durables,Industrial Specialties
FINL,Consumer Services,Clothing/Shoe/Accessory Stores
IDSY,Consumer Durables,Telecommunications Equipment
STRA,Consumer Services,Other Consumer Services
NTCT,Technology,EDP Services
OPK,Health Care,Major Pharmaceuticals
ABCD,Consumer Services,Publishing
ABCB,Finance,Major Banks
WDFC,Basic Industries,Major Chemicals
ABCO,Consumer Services,Other Consumer Services
PEGA,Technology,EDP Services
FNHC,Finance,Property-Casualty Insurers
PNTR,Technology,Radio And Television Broadcasting And Communications Equipment
SCSS,Consumer Durables,Home Furnishings
ANDE,Consumer Services,Farming/Seeds/Milling
DCIX,Transportation,Marine Transportation
RYAAY,Transportation,Air Freight/Delivery Services
ELGX,Health Care,Medical/Dental Instruments
JKHY,Technology,EDP Services
HAYN,Capital Goods,Steel/Iron Ore
SNGX,Health Care,Major Pharmaceuticals
OCLR,Technology,Semiconductors
IMGN,Health Care,Major Pharmaceuticals
PAAS,Basic Industries,Precious Metals
IEP,Capital Goods,Auto Parts:O.E.M.
RGLD,Basic Industries,Precious Metals
EXAC,Health Care,Industrial Specialties
FRED,Consumer Services,Department/Specialty Retail Stores
FUSB,Finance,Major Banks
BLDR,Consumer Services,RETAIL: Building Materials
VGLT,n/a,n/a
BLDP,Energy,Industrial Machinery/Components
TGA,Energy,Oil & Gas Production
HCKT,Consumer Services,Professional Services
SMTC,Technology,Semiconductors
CHRW,Transportation,Oil Refining/Marketing
UFPT,Capital Goods,Containers/Packaging
UCBA,Finance,Savings Institutions
GRFS,Health Care,Major Pharmaceuticals
SBUX,Consumer Services,Restaurants
PSCH,n/a,n/a
MTSI,Technology,Semiconductors
MORN,Finance,Investment Managers
PSCM,n/a,n/a
PSCC,n/a,n/a
PSCF,n/a,n/a
VCLT,n/a,n/a
CMCSA,Consumer Services,Television Services
ASNA,Consumer Services,Clothing/Shoe/Accessory Stores
PRSS,Consumer Services,Other Specialty Stores
JRJC,Finance,Investment Bankers/Brokers/Service
MNTX,Technology,Industrial Machinery/Components
TBNK,Finance,Savings Institutions
NEWS,Finance,Finance: Consumer Services
CBMX,Health Care,Hospital/Nursing Management
CYCC,Health Care,Major Pharmaceuticals
PPC,Consumer Non-Durables,Meat/Poultry/Fish
NRIM,Finance,Savings Institutions
PPH,n/a,n/a
CNOB,Finance,Major Banks
MBTF,Finance,Major Banks
ASRV,Finance,Major Banks
NEWT,n/a,n/a
TZOO,Technology,EDP Services
AMBA,Technology,Semiconductors
GRPN,Technology,Advertising
JCS,Public Utilities,Telecommunications Equipment
IBOC,Finance,Major Banks
NHTC,Consumer Durables,Consumer Specialties
SIVB,Finance,Major Banks
ESLT,Capital Goods,Military/Government/Technical
BBRG,Consumer Services,Restaurants
BRID,Consumer Non-Durables,Specialty Foods
KBWY,n/a,n/a
CSCO,Technology,Computer Communications Equipment
KBWP,n/a,n/a
KBWB,n/a,n/a
SGYP,Health Care,Major Pharmaceuticals
USCR,Capital Goods,Building Materials
CPSI,Technology,EDP Services
NCIT,Technology,EDP Services
BV,Technology,Computer Software: Prepackaged Software
CPST,Energy,Industrial Machinery/Components
GSM,Capital Goods,Metal Fabrications
WBKC,Finance,Banks
CPSS,Finance,Finance: Consumer Services
RLOG,Consumer Services,Marine Transportation
ATHN,Miscellaneous,Business Services
AVIR,Health Care,Biotechnology: Biological Products (No Diagnostic Substances)
HSII,Technology,Diversified Commercial Services
EMMS,Consumer Services,Broadcasting
APEI,Consumer Services,Other Consumer Services
ATHX,Health Care,Major Pharmaceuticals
APEN,Health Care,Biotechnology: Biological Products (No Diagnostic Substances)
HSIC,Health Care,Medical Specialities
MBVX,Health Care,Major Pharmaceuticals
SENEA,Consumer Non-Durables,Packaged Foods
SENEB,Consumer Non-Durables,Packaged Foods
ORRF,Finance,Major Banks
VIA,Consumer Services,Television Services
ISCA,Consumer Services,Services-Misc. Amusement & Recreation
SSBI,n/a,n/a
LOGM,n/a,n/a
LOGI,Technology,Computer peripheral equipment
VRSN,Technology,EDP Services
VRSK,Technology,EDP Services
CINF,Finance,Property-Casualty Insurers
SCON,Technology,Radio And Television Broadcasting And Communications Equipment
TREE,Finance,Finance: Consumer Services
PRAA,Finance,Finance: Consumer Services
GSBC,Finance,Major Banks
BSET,Consumer Durables,Home Furnishings
PRAN,Health Care,Major Pharmaceuticals
OFIX,Health Care,Medical/Dental Instruments
GLUU,Technology,EDP Services
APWC,Basic Industries,Telecommunications Equipment
EEI,Consumer Services,Military/Government/Technical
WPRT,Energy,Industrial Machinery/Components
STFC,Finance,Property-Casualty Insurers
OSBC,Finance,Major Banks
TRNS,Capital Goods,Electrical Products
ICFI,Consumer Services,Professional Services
IDRA,Health Care,Biotechnology: Biological Products (No Diagnostic Substances)
WEYS,Consumer Non-Durables,Apparel
KINS,Finance,Property-Casualty Insurers
OSN,Basic Industries,Steel/Iron Ore
BDE,Consumer Non-Durables,Recreational Products/Toys
YTEN,Basic Industries,Containers/Packaging
CNIT,Technology,Computer Software: Prepackaged Software
DHIL,Finance,Investment Managers
LABL,Miscellaneous,Publishing
CRUS,Technology,Semiconductors
ECPG,Finance,Finance Companies
FBIO,Health Care,Major Pharmaceuticals
SPCB,Technology,Semiconductors
MDLZ,Consumer Non-Durables,Packaged Foods
VNET,Technology,"Computer Software: Programming, Data Processing"
FBIZ,Finance,Major Banks
SRPT,Health Care,Major Pharmaceuticals
CZFC,Finance,Major Banks
QLYS,Technology,Computer Software: Prepackaged Software
PPBI,Finance,Major Banks
CLIR,Capital Goods,Industrial Machinery/Components
NVFY,Consumer Durables,Home Furnishings
IRDM,Consumer Durables,Telecommunications Equipment
EZPW,Consumer Services,Other Specialty Stores
BGFV,Consumer Services,Other Specialty Stores
CGO,n/a,n/a
MOSY,Technology,Semiconductors
FAST,Consumer Services,RETAIL: Building Materials
SKYY,n/a,n/a
BIOS,Health Care,Medical/Nursing Services
RSYS,Technology,Computer peripheral equipment
LOAN,Consumer Services,Real Estate Investment Trusts
SIEB,Finance,Investment Bankers/Brokers/Service
VCSH,n/a,n/a
YNDX,Technology,"Computer Software: Programming, Data Processing"
SKYW,Transportation,Air Freight/Delivery Services
RUSHB,Consumer Durables,Automotive Aftermarket
MINI,Capital Goods,Metal Fabrications
CUR,Health Care,Biotechnology: Biological Products (No Diagnostic Substances)
PNNT,n/a,n/a
FEM,n/a,n/a
LULU,Consumer Non-Durables,Apparel
FEP,n/a,n/a
OMER,Health Care,Major Pharmaceuticals
OSUR,Health Care,Medical/Dental Instruments
FEX,n/a,n/a
CXDC,Capital Goods,Containers/Packaging
WIN,Public Utilities,Telecommunications Equipment
MAMS,Technology,Computer Software: Prepackaged Software
PFI,n/a,n/a
COLM,Consumer Non-Durables,Apparel
GOLD,Basic Industries,Precious Metals
TATT,Capital Goods,Aerospace
ANCB,Finance,Banks
WTFCW,Finance,Major Banks
PFM,n/a,n/a
FEMS,n/a,n/a
BBSI,Technology,Professional Services
HTHT,Consumer Services,Hotels/Resorts
MTSL,Public Utilities,Telecommunications Equipment
MTSC,Capital Goods,Industrial Machinery/Components
TROVU,Health Care,Biotechnology: Biological Products (No Diagnostic Substances)
SRAX,Technology,Advertising
KFFB,Finance,Savings Institutions
COLB,Finance,Major Banks
MCEP,Energy,Oil & Gas Production
BPOP,Finance,Major Banks
PETS,Health Care,Medical/Nursing Services
JCOM,Technology,Telecommunications Equipment
HMTA,Finance,Major Banks
CUBA,n/a,n/a
CUBN,n/a,n/a
COKE,Consumer Non-Durables,Beverages (Production/Distribution)
THFF,Finance,Major Banks
FCCY,Finance,Savings Institutions
AEZS,Health Care,Major Pharmaceuticals
ULH,Transportation,Trucking Freight/Courier Services
PLAB,Technology,Semiconductors
FCCO,Finance,Major Banks
MACK,Health Care,Major Pharmaceuticals
SNOA,Health Care,Major Pharmaceuticals
EQIX,Consumer Services,Real Estate Investment Trusts
QDEL,Health Care,Biotechnology: In Vitro & In Vivo Diagnostic Substances
SELF,Consumer Services,Real Estate Investment Trusts
DSGX,Technology,Computer Software: Prepackaged Software
PNRA,Consumer Services,Restaurants
ANCX,Finance,Savings Institutions
